image,lux
frame_000071_jpg.rf.pFVBOObdP3ep2e9wJPug.jpg,4.9950004
frame_000072_jpg.rf.gPWidpxLkb6gO3g7suJ4.jpg,4.9950004
frame_000073_jpg.rf.usoF9iFy5nUrNQ7d0MkT.jpg,4.9950004
frame_000074_jpg.rf.OabVtlJOOkhWstTodAg8.jpg,4.9950004
frame_000075_jpg.rf.avj4DVAsJv4N8n9omJ2k.jpg,4.9950004
frame_000076_jpg.rf.X55ZLUvjJyyUP1yWoemO.jpg,4.9950004
frame_000077_jpg.rf.t4C8q7W7wna8l0atl8QM.jpg,4.9950004
frame_000078_jpg.rf.mzdeMo2OYzHNnfH421YS.jpg,4.9950004
frame_000079_jpg.rf.6SruOavGzdpwZlH8Ocxw.jpg,4.9950004
frame_000080_jpg.rf.TgpOpIOyMZXLexLY3VRQ.jpg,4.9950004
frame_000081_jpg.rf.5YERZ3f3ep95fHprSAgu.jpg,4.9950004
frame_000082_jpg.rf.leTpUgWIzXJCbQLLWFKq.jpg,4.9950004
frame_000083_jpg.rf.ptKWkHCJFOW6d6xqkos2.jpg,4.9950004
frame_000084_jpg.rf.u3XSI9qp4iCtp3aZDnVA.jpg,4.9950004
frame_000085_jpg.rf.TDgZ5snEyzMbTqs5J8NG.jpg,4.9950004
frame_000086_jpg.rf.6dr7aRLPuYGKVAFth7BV.jpg,4.9950004
frame_000087_jpg.rf.Sf8smJLwUNgB9RW9sMlN.jpg,4.9950004
frame_000088_jpg.rf.caRwRalGreRz2MFjZBop.jpg,4.9950004
frame_000089_jpg.rf.SRYx6LHxHWquqkvO2Ria.jpg,4.9950004
frame_000090_jpg.rf.FOnIPZIR4wqlMNCzJsAH.jpg,4.9950004
frame_000299_jpg.rf.E0C4zAgRMmKOx98Ymice.jpg,4.9950004
frame_000300_jpg.rf.uZqC1hWsFf6oT60xNXmq.jpg,4.9950004
frame_000301_jpg.rf.ZRCmfUjh3QKAwAXdn2Tg.jpg,4.9950004
frame_000302_jpg.rf.VeZUDsSwV341StDj41vH.jpg,4.9950004
frame_000303_jpg.rf.FiYwMURu06MJgNo8EFRH.jpg,4.9950004
frame_000304_jpg.rf.GG4ncnYMTsMEphnYUwbK.jpg,4.9950004
frame_000305_jpg.rf.H3PmCu7UMPt5tJf2Lc4T.jpg,4.9950004
frame_000306_jpg.rf.xux2NtOypQDTRzuCIpv1.jpg,4.9950004
frame_000307_jpg.rf.nuUm0vkcP5gSzhVaHuFq.jpg,4.9950004
frame_000308_jpg.rf.EKT4NFomU3RozHioa7Lt.jpg,4.9950004
frame_000309_jpg.rf.6XNWiIPrSUxpHvMgMAkz.jpg,4.9950004
frame_000310_jpg.rf.3hTRmkcXub86qQ8L5gqm.jpg,4.9950004
frame_000311_jpg.rf.iJopc6ya0Fsw9zcLOUI1.jpg,4.9950004
frame_000312_jpg.rf.E6IcMb6pMm6wS5N516gF.jpg,4.9950004
frame_000313_jpg.rf.7Y63h8rerXaUSrCQaF2g.jpg,4.9950004
frame_000314_jpg.rf.G1080nVrrSsLc5EUgjAp.jpg,4.9950004
frame_000315_jpg.rf.4UaUF9wKmGycNqRAzFI6.jpg,4.9950004
frame_000316_jpg.rf.mCGnRubAaRleXSEVrhys.jpg,4.9950004
frame_000317_jpg.rf.VZD0fAewi3n3rGC0lvMh.jpg,4.9950004
frame_000318_jpg.rf.fvjgldVea1ETBBibz5kB.jpg,4.9950004
frame_000319_jpg.rf.VBm6S77JNfHcKurd4bKl.jpg,4.9950004
frame_000320_jpg.rf.ZfZ0yY3i8pFkTJ8uvPrB.jpg,4.9950004
frame_000321_jpg.rf.LugdK4ZfALBIYjFzZxmR.jpg,4.9950004
frame_000322_jpg.rf.bkMiKxL5YzmcwFWakZha.jpg,4.9950004
frame_000323_jpg.rf.4PeCzV4UbkKa3iN3vcon.jpg,4.9950004
frame_000324_jpg.rf.w6tXYg2d92KGnTHgzXBY.jpg,4.9950004
frame_000325_jpg.rf.IE3VaCVeVkDJ5aCv3hr0.jpg,4.9950004
frame_000326_jpg.rf.Z1PXU6RO39172cfvwom1.jpg,4.9950004
frame_000327_jpg.rf.H2YAsbC2A2g1Hffjj7hY.jpg,4.9950004
frame_000328_jpg.rf.YnDGRANRTn8tygXgDlKY.jpg,4.9950004
frame_000329_jpg.rf.LzV8KQlyFjlWsKRTlSG0.jpg,4.9950004
frame_000330_jpg.rf.jqOabSy64eUt1hqmjZ7R.jpg,4.9950004
frame_000331_jpg.rf.cAZ8IBvKbPaLSEDXKPEb.jpg,4.9950004
frame_000332_jpg.rf.kGhB6pRquC58KEmdVnQz.jpg,4.9950004
frame_000333_jpg.rf.8nKT5pE1C2LyMcDSOE7W.jpg,4.9950004
frame_000334_jpg.rf.eFPfARVow4Okmb4hQatc.jpg,4.9950004
frame_000335_jpg.rf.GLo7p0dxyodyeX0p1uBe.jpg,4.9950004
frame_000336_jpg.rf.Ztr0zzgo7RFfQtLnYJxZ.jpg,4.9950004
frame_000337_jpg.rf.EoXyLVYOsbm4BFZ4zo0F.jpg,4.9950004
frame_000338_jpg.rf.MLkNrJu966J8qXRWVnGn.jpg,4.9950004
frame_000339_jpg.rf.NNEp4u6EEmwFmvMYytMN.jpg,4.9950004
frame_000340_jpg.rf.CgkyjeNE8hnv1aFwT2Mi.jpg,4.9950004
frame_000341_jpg.rf.UfNEvQo5D8ICrazRFWTE.jpg,4.9950004
frame_000342_jpg.rf.CoJmuBueYnNySiAbC0hY.jpg,4.9950004
frame_000343_jpg.rf.k0692T4c38m6YTpK0mCL.jpg,4.9950004
frame_000344_jpg.rf.18i1GTBLgTQHuvlkMGXm.jpg,4.9950004
frame_000345_jpg.rf.4YL6vIFr7MzN6EanjcuU.jpg,4.9950004
frame_000346_jpg.rf.6SdknkPqQ1B0OOaKNGLF.jpg,4.9950004
frame_000347_jpg.rf.TjL55yQZpmaWuydmzKWy.jpg,4.9950004
frame_000348_jpg.rf.P0BrAcYxuryBQYTxinDk.jpg,4.9950004
frame_000349_jpg.rf.u9ySe3Bxv8b5Zp9qPh4g.jpg,6.0075
frame_000350_jpg.rf.OSnycydEmIVRxqy98ux7.jpg,6.0075
frame_000351_jpg.rf.UIBSFxO7HdgklHTdGgpS.jpg,6.0075
frame_000352_jpg.rf.j6m9TZC4ipHXUQczifjU.jpg,6.0075
frame_000493_jpg.rf.kZcfMpqJRYyYY0YR85W0.jpg,31.995
frame_000494_jpg.rf.c8eccre8iW1GNp3nioRv.jpg,31.995
frame_000495_jpg.rf.W3Eh00DyjnYaF7diI9PN.jpg,139.99501
frame_000496_jpg.rf.PzjssnYGrGFXsW4laKSt.jpg,139.99501
frame_000497_jpg.rf.TG2SgPNsesDQqEUxRGmx.jpg,139.99501
frame_000498_jpg.rf.PHDF0tVlasDRly5XehlZ.jpg,139.99501
frame_000499_jpg.rf.CObjQhBfJM25uSTiOp8r.jpg,139.99501
frame_000500_jpg.rf.knQ73z9J3TY7TPZ3xeyr.jpg,139.99501
frame_000501_jpg.rf.hfFLUEfkOIM6xGyLVZRz.jpg,139.99501
frame_000502_jpg.rf.SWm1LeYry9y1DJ4KbBnE.jpg,139.99501
frame_000503_jpg.rf.2wNJqrdDKXyBYCc7nJOb.jpg,139.99501
frame_000504_jpg.rf.KgvttPHttsguSGkgHIYE.jpg,324
frame_000505_jpg.rf.0SBPqITBoIAb39pORMwM.jpg,324
frame_000506_jpg.rf.gxWFPZW8XQXmcItsN42Q.jpg,324
frame_000507_jpg.rf.OCshEl8dBS6NYENNrXPL.jpg,324
frame_000508_jpg.rf.0mtwix29hXmkLWSnvbVt.jpg,324
frame_000509_jpg.rf.eZEqod2To1i8yyUeGz9V.jpg,324
frame_000510_jpg.rf.rUwpGtVfbdRjG7huXK9K.jpg,324
frame_000511_jpg.rf.l8YqPWnF183CfCvnISak.jpg,324
frame_000512_jpg.rf.yRsU7WtKkhy2d8W8Jvxq.jpg,324
frame_000513_jpg.rf.sMhsWfQlxwpqil8hCIEB.jpg,562.005
frame_000514_jpg.rf.MUtmQURdCAP8J8k1mOjr.jpg,562.005
frame_000515_jpg.rf.B4U8LgCvnEbjEPPf4tny.jpg,562.005
frame_000516_jpg.rf.YxqqAK4nWzfXyT4NsSmz.jpg,562.005
frame_000517_jpg.rf.hgITUeYZFviSjqd89c1d.jpg,562.005
frame_000518_jpg.rf.MvZFQKOpWEM1SHD1eRhQ.jpg,562.005
frame_000519_jpg.rf.UKloIseWRSmWIXWI8diM.jpg,562.005
frame_000520_jpg.rf.N0G0vpkK65bvIYGcFqp0.jpg,562.005
frame_000521_jpg.rf.Vl84NCtlQSQsVL6Hsz3f.jpg,562.005
frame_000522_jpg.rf.T6zhtDTIvn5EcIRdRrsl.jpg,567
frame_000523_jpg.rf.coUKgkIZFynNY24HI65q.jpg,567
frame_000524_jpg.rf.fMqraKrVWsUCc2VWXY0d.jpg,567
frame_000525_jpg.rf.LyfpDHgl3jEiBF7E5suo.jpg,567
frame_000526_jpg.rf.qzGvHZ7UPFfFQcrSMAPU.jpg,567
frame_000527_jpg.rf.fChbs4lg1hKl9iE6qBkr.jpg,567
frame_000528_jpg.rf.nikMg2CBfSLu6Q6e9ew3.jpg,567
frame_000529_jpg.rf.nZuoEw1vvBTDpjUh9QKp.jpg,567
frame_000530_jpg.rf.1xnCsUx05VbB92Gp6m1T.jpg,567
frame_000531_jpg.rf.xoXNi0oAZwaIoeIjSbni.jpg,569.025
frame_000532_jpg.rf.EULtwZ10cy0yZPkDwRoV.jpg,569.025
frame_000533_jpg.rf.Kll9pF54f72FRZndPcUS.jpg,569.025
frame_000534_jpg.rf.xT7KnPgPX7wDhB13aNjK.jpg,569.025
frame_000535_jpg.rf.hSTeEMlR8n7gE38azZRn.jpg,569.025
frame_000536_jpg.rf.GgFMKzswVEwCq8LwqFBB.jpg,569.025
frame_000561_jpg.rf.w4CwuunEpSfhlDjwTgvo.jpg,565.98755
frame_000562_jpg.rf.H0NYFvRh4LiAwgzUPpfX.jpg,565.98755
frame_000563_jpg.rf.7qzlY3avZoIodMAj70f4.jpg,565.98755
frame_000564_jpg.rf.P1b2HVUwtxJg9FklnkS6.jpg,565.98755
frame_000565_jpg.rf.c3CQD7bDeROUdzS2hf3w.jpg,565.98755
frame_000566_jpg.rf.Uf52KZZEG2k27IOHiMDP.jpg,565.98755
frame_000567_jpg.rf.t98tQMS8O3rmKcToDOR0.jpg,565.98755
frame_000568_jpg.rf.FOQywLroYZJXxFyt15C3.jpg,565.98755
frame_000569_jpg.rf.Jyy9fZCOMWC1QGHUdA4b.jpg,565.98755
frame_000570_jpg.rf.vllqzvWnM0G5G6FSPDHz.jpg,565.98755
frame_000571_jpg.rf.XMyZ8Ag0n6ZGvZ3gUSEP.jpg,565.98755
frame_000572_jpg.rf.6onZhM9FKJbf48pZwHag.jpg,565.98755
frame_000573_jpg.rf.sgHm8Qm8WuIok9XPBGcp.jpg,565.98755
frame_000574_jpg.rf.VqeJELeu9wsKIYF4qnhU.jpg,565.98755
frame_000575_jpg.rf.zk0HfktB7bD2pfdsARyg.jpg,565.98755
frame_000576_jpg.rf.0NRPHYYYTc9ssB3LYR8g.jpg,565.98755
frame_000577_jpg.rf.dBBUWf3ABjNUBAptbnWU.jpg,565.98755
frame_000578_jpg.rf.WEIB4HCywGL48oq7EGfP.jpg,565.98755
frame_000579_jpg.rf.fFFZGmYJLR3bGbSNmNJn.jpg,565.98755
frame_000580_jpg.rf.rA3Z6fi4PkpjQp3VgHy2.jpg,565.98755
frame_000581_jpg.rf.Pcb7cCYqvVXgPJGuhOc3.jpg,565.98755
frame_000582_jpg.rf.l4bOGoMeWwYGjuVx5EGl.jpg,565.98755
frame_000583_jpg.rf.1D1NGXgEF5eZrBaY86e2.jpg,565.98755
frame_000584_jpg.rf.eblWfjQeeolJTEOfn1Fn.jpg,565.98755
frame_000585_jpg.rf.Hx9gWhNu4oAXUuvohfpK.jpg,565.98755
frame_000586_jpg.rf.mX34iujfT1reo212M0fv.jpg,564.97504
frame_000587_jpg.rf.HvOOfA7Jt6oqK9EufQas.jpg,564.97504
frame_000588_jpg.rf.zeEupI7dnWhJlDjwlKhT.jpg,564.97504
frame_000589_jpg.rf.WmyOvsyUC6dbUPKgz2rW.jpg,564.97504
frame_000590_jpg.rf.KgFCJYZX0DwY28E0GxjF.jpg,564.97504
frame_000591_jpg.rf.6w5JlLTZlPzZHMtKtqkW.jpg,564.97504
frame_000592_jpg.rf.IRzJUSltHZ5kPlRDPlfO.jpg,564.97504
frame_000593_jpg.rf.bcWdtIYhezHGQJtTSK5O.jpg,564.97504
frame_000594_jpg.rf.jaiXkkaMfK8LnpthbNsu.jpg,564.97504
frame_000595_jpg.rf.MhoYvPF8wM25vbMQUAmI.jpg,565.98755
frame_000596_jpg.rf.OmTyEzRYm8eUSbDoSf75.jpg,565.98755
frame_000597_jpg.rf.lyRh12dibn93CJ2gIYa5.jpg,565.98755
frame_000598_jpg.rf.WVqBBBUv9aqBTp5JcDTi.jpg,565.98755
frame_000599_jpg.rf.xJ6fjY02co49Clmzojjn.jpg,565.98755
frame_000600_jpg.rf.Uj4nHWYaZv1MzKePNSwG.jpg,565.98755
frame_000601_jpg.rf.pnkPTEvY9eHxhb1m2lXT.jpg,565.98755
frame_000602_jpg.rf.SaaNyb5WalPn7KgvSQn8.jpg,565.98755
frame_000603_jpg.rf.wVP6JQoGhBt1ciXSwdib.jpg,565.98755
frame_000604_jpg.rf.Oj9XR16SUgvr0wdfam1r.jpg,565.98755
frame_000605_jpg.rf.BFvcEnhL3zZhArWJ7E2h.jpg,565.98755
frame_000606_jpg.rf.IL3VFrlLOsFTMX3DrFca.jpg,565.98755
frame_000607_jpg.rf.kUObmZ30pT0T7CbBZ8ri.jpg,565.98755
frame_000608_jpg.rf.5hvTwfQzftDbzMlSqJSD.jpg,565.98755
frame_000609_jpg.rf.SzQjcP0kSzxp9NmnjRy9.jpg,565.98755
frame_000610_jpg.rf.T6Du97eptkrjRoh5Bpx3.jpg,565.98755
frame_000611_jpg.rf.bgnA15Ud0JjqHuC1HKmf.jpg,565.98755
frame_000612_jpg.rf.2FkQh9CsAzgw9t8wUrme.jpg,565.98755
frame_000613_jpg.rf.btIJGLgTXxj5nsdMuo7v.jpg,567
frame_000614_jpg.rf.K9ZSz5sPZkxgbBWMGAKG.jpg,567
frame_000615_jpg.rf.FtZbNxTjH81tkrsVKtFL.jpg,567
frame_000616_jpg.rf.g5tc7E3AUljDINQKnQkl.jpg,567
frame_000617_jpg.rf.Iv9C11uwQR3syeHCQsPn.jpg,567
frame_000618_jpg.rf.S1t66CaatAM9ffAbVAYz.jpg,567
frame_000619_jpg.rf.9sPF73CWqebSQH0ehaws.jpg,567
frame_000620_jpg.rf.iR4wE9d0dw9lCWPX71JO.jpg,567
frame_000621_jpg.rf.Rox0FPdkjAAVRHUY7cZw.jpg,567
frame_000622_jpg.rf.1V8En3SvXIbbGda3FGG8.jpg,568.0125
frame_000623_jpg.rf.3Zode7wtwyqfV3pGMMyV.jpg,568.0125
frame_000624_jpg.rf.fUAjx0AzZfeZR6KsHLfX.jpg,568.0125
frame_000625_jpg.rf.wWhSzy4WHJkv0excYhlu.jpg,568.0125
frame_000626_jpg.rf.0kE4QckcWhsuQNq7HX7a.jpg,568.0125
frame_000627_jpg.rf.y4wKmP1deRPrUbD9JukJ.jpg,568.0125
frame_000628_jpg.rf.Fcp9N7NcK5Q6vq3cJ2kB.jpg,568.0125
frame_000629_jpg.rf.jlt1YtQK4Udx3xTYzRMp.jpg,568.0125
frame_000630_jpg.rf.6EPE5xGJvSfZ0urYlDU8.jpg,568.0125
frame_000631_jpg.rf.T0U9bCFMAazLexzhmOdg.jpg,568.0125
frame_000632_jpg.rf.2jVdAullaOidrU8FMH9Q.jpg,567
frame_000633_jpg.rf.mRdEQSdpKGaADeY85DXW.jpg,567
frame_000634_jpg.rf.FLrDNHFZfGwHKpkcfg4X.jpg,569.97003
frame_000635_jpg.rf.Syk26iRwaz1TkC6jMQ99.jpg,567
frame_000636_jpg.rf.P7u3o8e5H4BAU7Eon3nU.jpg,567
frame_000637_jpg.rf.duheRkAYV2fOFP3MaCR1.jpg,567
frame_000638_jpg.rf.6dIgA6nutybHpbuynANF.jpg,567
frame_000639_jpg.rf.p6sthtcwtK73y2BghWFU.jpg,567
frame_000640_jpg.rf.BQKdyAcXqNZhisczzNS9.jpg,567
frame_000641_jpg.rf.lIUr4Hj3TCnDpWfh5OuR.jpg,567
frame_000642_jpg.rf.sDlnWjEXmfTPKDg2x2x3.jpg,567
frame_000643_jpg.rf.yuxV4GNiwIwrP7T7L89H.jpg,567
frame_000644_jpg.rf.brPwLg4oNyrpmRMy8py1.jpg,567
frame_000645_jpg.rf.1XURrNHB9UueJoHIj9RK.jpg,567
frame_000646_jpg.rf.8YFK2GACGUyPf4Hj7dz9.jpg,567
frame_000647_jpg.rf.QKmR4Dn5Iyy1aJna6Dpx.jpg,567
frame_000648_jpg.rf.4QFvbkrrQ4icdXxP6h1Y.jpg,567
frame_000649_jpg.rf.3rNj3DdmkRFZjohuc553.jpg,567
frame_000650_jpg.rf.gvLVcUK64nfO1skgfdzF.jpg,570.98254
frame_000651_jpg.rf.t2U9JSryRrm1hFqseDtU.jpg,570.98254
frame_000652_jpg.rf.hXMei4D2uXDHjaScl0z7.jpg,570.98254
frame_000653_jpg.rf.kKl9ftm7JlPbR7YTsLji.jpg,570.98254
frame_000654_jpg.rf.h3ewLHkGp63B0s9F1Fpr.jpg,570.98254
frame_000655_jpg.rf.aozQZydF18vY8sPJbViF.jpg,570.98254
frame_000656_jpg.rf.ss2YbiJkvrjM1nvLAWWX.jpg,570.98254
frame_000657_jpg.rf.DITO6AJ02qBCywIh1aLZ.jpg,570.98254
frame_000658_jpg.rf.EVVUVMkbnwuTEZm3VePF.jpg,570.98254
frame_000659_jpg.rf.edD6FmSGwAagziBjXEdM.jpg,569.97003
frame_000660_jpg.rf.xo7OaXMpCndhdeSkbb07.jpg,569.97003
frame_000661_jpg.rf.njsL2lADhovhiX3EBEVB.jpg,569.97003
frame_000662_jpg.rf.iUNOj04RBBOdi2FD8IWM.jpg,569.97003
frame_000663_jpg.rf.VESt20m9Ke651MlxhRgv.jpg,569.97003
frame_000664_jpg.rf.XSkBiS9cJqAwUA9Oqav6.jpg,569.97003
frame_000665_jpg.rf.p3YVtvJi7DERXkyOJBdX.jpg,569.97003
frame_000666_jpg.rf.8JVcWT8CQwQQnhRMVqJn.jpg,569.97003
frame_000667_jpg.rf.98Tc0brI3gZS77h9UXO5.jpg,569.97003
frame_000668_jpg.rf.S3ydsHM2FQoRUylzFHvd.jpg,568.0125
frame_000669_jpg.rf.9w7HTWjD7dXLT62Z2sRP.jpg,568.0125
frame_000670_jpg.rf.sdirmnzxzZIMrhvEbaRl.jpg,568.0125
frame_000671_jpg.rf.m8gbVG30fv7JNowQHKvf.jpg,568.0125
frame_000672_jpg.rf.IhQprk9WPFxOJJyCRIVR.jpg,568.0125
frame_000673_jpg.rf.YdJcayFvAUhFNXiMWtbz.jpg,568.0125
frame_000674_jpg.rf.NK8MTqEfMU2u8uFqq4Hx.jpg,568.0125
frame_000675_jpg.rf.Gprv1fFWNVWESD3uWRIg.jpg,568.0125
frame_000676_jpg.rf.mtWLgmaTyCWiLA6VtUnc.jpg,568.0125
frame_000677_jpg.rf.uaNFSgh1FJ0dnP0bzmXD.jpg,563.0175
frame_000678_jpg.rf.DV8uBZRLRbd1gZ5OaXOT.jpg,563.0175
frame_000679_jpg.rf.wJlTkdBPcqu2aSsScCWA.jpg,563.0175
frame_000680_jpg.rf.7E4lEV92h71YKPrtWBCK.jpg,563.0175
frame_000681_jpg.rf.Hy6RbacmEVuFH1AkMP9C.jpg,563.0175
frame_000682_jpg.rf.l2J9zSukVQsqBEW9Qwso.jpg,563.0175
frame_000683_jpg.rf.yW9KJ1JLWDjnTwYMKwpd.jpg,563.0175
frame_000684_jpg.rf.QBv7X8ivqcWZhrAH6AG8.jpg,563.0175
frame_000685_jpg.rf.NRRCYi2Ue7WrR5YD04br.jpg,563.0175
frame_000686_jpg.rf.aZTWw4ZshqJpmQHi7ka8.jpg,562.005
frame_000687_jpg.rf.ZVZSxl4XuaW8oW6G16Eb.jpg,562.005
frame_000688_jpg.rf.sFsjJfue9oyDmQkRJhqI.jpg,562.005
frame_000689_jpg.rf.hBtaI8pNFHPEnS3nZxlG.jpg,562.005
frame_000690_jpg.rf.YtwTyE1vx0WkcsXhr9sW.jpg,562.005
frame_000691_jpg.rf.HSj0PsQsCgUQHJpmw2Yu.jpg,562.005
frame_000692_jpg.rf.DXicFhNNMCiqkRovQyUM.jpg,562.005
frame_000693_jpg.rf.cKO6WnhbX4JPiCNvGUTH.jpg,562.005
frame_000694_jpg.rf.p72RDOMDYl1I27mRbLnW.jpg,562.005
frame_000695_jpg.rf.NskXOmRoijakExRR5vq4.jpg,563.0175
frame_000696_jpg.rf.YIxQLAwxCG6ZSzpqR9MI.jpg,563.0175
frame_000697_jpg.rf.BtKsKnMRnva6CNRCKvnk.jpg,563.0175
frame_000698_jpg.rf.q09WdrY5YTTPKU1fwcYN.jpg,563.0175
frame_000699_jpg.rf.hX78DfA5U1yOK5V269b0.jpg,563.0175
frame_000700_jpg.rf.upw51WpzCFveHhmwhzWz.jpg,563.0175
frame_000701_jpg.rf.gmyKgWYRbwiqFISRLaft.jpg,563.0175
frame_000702_jpg.rf.XB1Za9OYWJZ4hxu86L9Q.jpg,563.0175
frame_000703_jpg.rf.oubCl0iJdzVHolEM9MGX.jpg,563.0175
frame_000704_jpg.rf.K7eF2nu9t9VzNrJhsJEs.jpg,564.03
frame_000705_jpg.rf.t8Afxn1ybDUSuc7rbMnH.jpg,564.03
frame_000706_jpg.rf.FWxOVYLXOKtE7XUWH7bm.jpg,564.03
frame_000707_jpg.rf.FZJhbYzx41RmqHzLax3g.jpg,564.03
frame_000708_jpg.rf.ut0QG2cqjnTQzge8Xjds.jpg,564.03
frame_000709_jpg.rf.sNnUd8t9g6RpbYCAf26X.jpg,564.03
frame_000710_jpg.rf.F4TvPTKa8NDYuChgqS3Q.jpg,564.03
frame_000711_jpg.rf.v20XKiBMFH5LvnnwMooL.jpg,564.03
frame_000712_jpg.rf.zxDAzFBglubM2fxK8IMD.jpg,564.03
frame_000713_jpg.rf.NmRFYPIoUm5ekdfWzwJ6.jpg,564.03
frame_000714_jpg.rf.leJjQ2pXrmAedLnMomGR.jpg,564.03
frame_000715_jpg.rf.h15P6osYoYt8bQHxd2QY.jpg,564.03
frame_000716_jpg.rf.xnUt5GxUwdczcHIAeBA5.jpg,564.03
frame_000717_jpg.rf.cd8mnksH8LJ6Kn05wpqv.jpg,564.03
frame_000718_jpg.rf.R6RVse94rlcBf1Gu69cJ.jpg,564.03
frame_000719_jpg.rf.ukCjqdsiyJNrFAKPzg2I.jpg,564.03
frame_000720_jpg.rf.bJ5QXd8xhE0mcui0Wi7a.jpg,564.03
frame_000721_jpg.rf.lz4nNVNfoQN8b1pJdfzD.jpg,564.03
frame_000722_jpg.rf.0n3JcqsU9KJP9lgUFJJT.jpg,564.03
frame_000723_jpg.rf.Ym3WrDQSZbdYqP0Awix4.jpg,563.0175
frame_000724_jpg.rf.Uc6PXGIvqBJgkKSJ7qAs.jpg,563.0175
frame_000725_jpg.rf.z696Bh8gNemDwQPyoKKL.jpg,563.0175
frame_000726_jpg.rf.1nSRVj4OHdHi9wyer9zd.jpg,563.0175
frame_000727_jpg.rf.9g9NiOjvpkddrj5gCtnV.jpg,563.0175
frame_000728_jpg.rf.YERS4bxVTAck4X4hVeLP.jpg,563.0175
frame_000729_jpg.rf.5ex7bxxZCo0hDGWDgUJI.jpg,563.0175
frame_000730_jpg.rf.R7swqYehbQQJVhA0Y8zK.jpg,563.0175
frame_000731_jpg.rf.d518qfskJCXTnJ9z4U5A.jpg,563.0175
frame_000732_jpg.rf.mbLVeWWOoqdQSsnZn9Wh.jpg,564.03
frame_001081_jpg.rf.VZXyH5rYqJCV410rRF6X.jpg,28.0125
frame_001082_jpg.rf.nAtOuhHtlQqs1wj6Dm5n.jpg,28.0125
frame_001083_jpg.rf.H5CQ887nf7BZFx0dBbD5.jpg,28.0125
frame_001084_jpg.rf.UkhZ404JoMSENTXIgGr1.jpg,28.0125
frame_001085_jpg.rf.FR9dzhzjRJQW17DRGzee.jpg,28.0125
frame_001086_jpg.rf.T44GCM5lgsy5wfYqEaf0.jpg,28.0125
frame_001087_jpg.rf.D7dvGkfAVkmgEYPkwyZo.jpg,28.0125
frame_001088_jpg.rf.SDhdfF9ByBI0UNVHpmSf.jpg,28.0125
frame_001089_jpg.rf.A5OwEkLnztPTexjZzTOm.jpg,28.0125
frame_001090_jpg.rf.xDUcv8j4ACNu0bvg1QSc.jpg,28.0125
frame_001091_jpg.rf.B7Nf2G6Vg0jRnsNA4dzz.jpg,28.0125
frame_001092_jpg.rf.cVPhdfCvxRYx14MaFGXp.jpg,28.0125
frame_001093_jpg.rf.lsn2UPAETtVMAS5zcqXJ.jpg,28.0125
frame_001094_jpg.rf.I6cY4QaxihdwI8EPnkJh.jpg,28.0125
frame_001095_jpg.rf.EDwme7wdFnCJgl7ZO8Sq.jpg,28.0125
frame_001096_jpg.rf.XDGdolXqaOoVNYROvq3v.jpg,27.000002
frame_001097_jpg.rf.ZHFdPjC4EoSkdxfpRAid.jpg,27.000002
frame_001098_jpg.rf.QzL03LgFwQRVTCCceG2M.jpg,27.000002
frame_001099_jpg.rf.yxGTM7chGtkkxuTRxYQ9.jpg,27.000002
frame_001100_jpg.rf.lEcdnRiLknfTtVjZ05f3.jpg,27.000002
frame_001101_jpg.rf.NCbm4dy8uS2mQwfr5opa.jpg,27.000002
frame_001102_jpg.rf.nco0P600X6GOK4vsNkU6.jpg,27.000002
frame_001103_jpg.rf.xDCLyKvi3Yo1Fu2Dpzkk.jpg,27.000002
frame_001104_jpg.rf.x3wlcwePd4JQS68931GA.jpg,27.000002
frame_001105_jpg.rf.YfyrU4JJs9qyvRILY7uG.jpg,27.000002
frame_001106_jpg.rf.1aePQx6T8suMDIe9pNAe.jpg,27.000002
frame_001107_jpg.rf.9tdoDd69ikgnoizplXJc.jpg,27.000002
frame_001108_jpg.rf.sefKtiZv3lNDRP1t2Odk.jpg,27.000002
frame_001109_jpg.rf.OsQ9UuyKo4okoAqf19gB.jpg,27.000002
frame_001110_jpg.rf.uMEAzvNr9G8bGlZykTjt.jpg,27.000002
frame_001111_jpg.rf.6zan5tFnI6sdEdjd40hj.jpg,27.000002
frame_001112_jpg.rf.cWyijM0xoJr85slyzPeY.jpg,27.000002
frame_001113_jpg.rf.0JrDlBMkZlLPDdj70Hi9.jpg,27.000002
frame_001114_jpg.rf.Im0pPmgjwpoN5Nwk6yxY.jpg,27.000002
frame_001115_jpg.rf.HVqapBGyJvVLkNY0XLHL.jpg,27.000002
frame_001116_jpg.rf.cXXU4sv9NaqnBUjh75Ku.jpg,27.000002
frame_001117_jpg.rf.7AQteYruKIeRd139dt75.jpg,27.000002
frame_001118_jpg.rf.Lp4kHWbHeMs5G05euH1t.jpg,27.000002
frame_001119_jpg.rf.68xAEBHFva5CBVf1ki3Y.jpg,27.000002
frame_001120_jpg.rf.XROVTMD9UlqwAesf3ib1.jpg,27.000002
frame_001121_jpg.rf.gqKqj1wNSjlx3CidUEcG.jpg,27.000002
frame_001122_jpg.rf.TSZ7pnUIX6SSpNLKUF3h.jpg,27.000002
frame_001123_jpg.rf.U8VCWlpvQumz4wj4p7nG.jpg,27.000002
frame_001124_jpg.rf.NYVnCJhSEl7KCHLOn43v.jpg,25.987501
frame_001293_jpg.rf.fwsU222D5cwRA2x8ZZ5Z.jpg,111.982506
frame_001294_jpg.rf.kD39PiP9nLgWISOvTLsU.jpg,111.982506
frame_001295_jpg.rf.MDHdLurW1rxQBrfUbLJ1.jpg,111.982506
frame_001296_jpg.rf.BqwIrCL4y5Tnrh5sCeFk.jpg,111.982506
frame_001297_jpg.rf.geOEu6WfKNG987Ojqe7m.jpg,116.9775
frame_001298_jpg.rf.6HMYW6ZnXlTjWE2hKaEM.jpg,116.9775
frame_001299_jpg.rf.AJKaNsEtetrkrsHRopoH.jpg,116.9775
frame_001300_jpg.rf.pnQf6eDGzHXmAeRxdO1w.jpg,116.9775
frame_001301_jpg.rf.CUpPZDiFpojA0dE7dWnN.jpg,116.9775
frame_001302_jpg.rf.fMllQDRzPTPegszDJbnX.jpg,116.9775
frame_001303_jpg.rf.qgEHNajJmhRgIM4lM1Rk.jpg,116.9775
frame_001304_jpg.rf.KBeoIdKOek9KfdzGRvYj.jpg,116.9775
frame_001305_jpg.rf.SmTzvqiPOjs6nMCA4f89.jpg,116.9775
frame_001306_jpg.rf.XNy1ze47Esef1Mr3f6Ci.jpg,120.01501
frame_001307_jpg.rf.EjRpww0q34RkLF1vhaM5.jpg,120.01501
frame_001308_jpg.rf.LW4HsnpG8W0072rInGTU.jpg,120.01501
frame_001309_jpg.rf.vOtfBNwXLE0iyNSckfcm.jpg,120.01501
frame_001310_jpg.rf.7PIYyz2ioFZgp4t8mxZl.jpg,120.01501
frame_001311_jpg.rf.vGrLsfeylxx4t69hILIw.jpg,120.01501
frame_001312_jpg.rf.PnckOSBncraop2koUSNG.jpg,120.01501
frame_001313_jpg.rf.ZgiLtBbUXn1q7UF1RmTG.jpg,120.01501
frame_001314_jpg.rf.IQhkeZYaapwu9N2QSM2b.jpg,120.01501
frame_001315_jpg.rf.Fw6yPWLM9GIw60sfXl0Q.jpg,120.01501
frame_001316_jpg.rf.9zSoG9oI6TQ1vB9S8VO0.jpg,120.01501
frame_001461_jpg.rf.I5hNxbm2vPVt65hHX17E.jpg,49.005
frame_001462_jpg.rf.nmqUTDUk8fewNkV3Jt7T.jpg,49.005
frame_001463_jpg.rf.3ZrlA4l70tI2Nk4nbfV9.jpg,49.005
frame_001464_jpg.rf.PcknZUqeciLT6xL8NyGC.jpg,49.005
frame_001465_jpg.rf.kWc26qPBzlM5YpkHtCdv.jpg,49.005
frame_001466_jpg.rf.POkeZ3ML15NL4IwfNyFP.jpg,49.005
frame_001467_jpg.rf.u6lJOlrdOBFWV8zCQ9Kd.jpg,49.005
frame_001468_jpg.rf.LMkO4SyLSNF3wIbs59gy.jpg,49.005
frame_001469_jpg.rf.MdzJSgpwfofpiy7QEwf3.jpg,49.005
frame_001470_jpg.rf.W2vf7OMMPju1XLKmB0Pp.jpg,39.015003
frame_001471_jpg.rf.KS9eXuJSRedsLa1EfuB8.jpg,39.015003
frame_001472_jpg.rf.bTqdCGldY7g3mbZ6H9zb.jpg,39.015003
frame_001473_jpg.rf.PaIahRmswt4UPOfPcPY9.jpg,39.015003
frame_001474_jpg.rf.BPqjA3poJCTyXp2JCKPj.jpg,39.015003
frame_001475_jpg.rf.JiPeYhmgEjbZ42G1ntnM.jpg,39.015003
frame_001476_jpg.rf.F1qv43q7NHOs6pVK5FH5.jpg,39.015003
frame_001477_jpg.rf.km6PtXf80hbiWvyAdhlU.jpg,39.015003
frame_001478_jpg.rf.urDe2r3Bht4JqfayPEjE.jpg,39.015003
frame_001479_jpg.rf.mOI7LYIy1lTOlQlJi4HS.jpg,39.015003
frame_001480_jpg.rf.qVaDRLVCNcd4YCh7HJ6A.jpg,39.015003
frame_001481_jpg.rf.YqQc6LdO7gmyGXGtONd2.jpg,39.015003
frame_001482_jpg.rf.tsOTS9NCYF96gYomvumJ.jpg,39.015003
frame_001483_jpg.rf.3tkJqICHeaCVEI8nKFYo.jpg,39.015003
frame_001484_jpg.rf.7MQNSrdKxxfb3lJk7dL3.jpg,39.015003
frame_001485_jpg.rf.bLm7kql7NvTeEpv42fwp.jpg,39.015003
frame_001486_jpg.rf.340mIk2R2AoyPK3jbjZe.jpg,39.015003
frame_001487_jpg.rf.5k77qtl0SEET4WhbOxS6.jpg,39.015003
frame_001488_jpg.rf.4KN3yz7MASkbKny7pkf1.jpg,39.015003
frame_001489_jpg.rf.bqVJcxV2smedyUNTzEcZ.jpg,39.015003
frame_001490_jpg.rf.B0BKwI7mpsgdrjkI68kc.jpg,39.015003
frame_001491_jpg.rf.wVSnGDYn3K6BSnTE4XRl.jpg,39.015003
frame_001492_jpg.rf.aedt0wmhjfpHrTwCPtmn.jpg,39.015003
frame_001493_jpg.rf.SqdZXXGmnOi4BTsZr4rn.jpg,39.015003
frame_001494_jpg.rf.GR9Qro6QuEmxZ7HUldxz.jpg,39.015003
frame_001495_jpg.rf.lhjCCzviHGrKmSCNJfhF.jpg,39.015003
frame_001496_jpg.rf.oQBnuiz272cR3SDksPHG.jpg,39.015003
frame_001497_jpg.rf.W055TfjKCuJwY278wPDm.jpg,41.985
frame_001498_jpg.rf.AxAmG66xnQVIldKb7lim.jpg,41.985
frame_001499_jpg.rf.dWuqO1U7WReYkfW2HcDB.jpg,41.985
frame_001500_jpg.rf.rLEK8pPIhydswlPhU8Cy.jpg,41.985
frame_001549_jpg.rf.8mycBpGgMjMEyabkbgwM.jpg,56.025
frame_001550_jpg.rf.J7s7AJgK3jySJpSa2trH.jpg,56.025
frame_001551_jpg.rf.22hNYjRmE8el1LnRdTNP.jpg,56.025
frame_001552_jpg.rf.zBBkdiicf7bzcWYD6Oze.jpg,56.97
frame_001553_jpg.rf.WiITWx2TUSQAXqbvtdmI.jpg,56.97
frame_001554_jpg.rf.e916gFn7IuE6Ixa7NEsx.jpg,56.97
frame_001555_jpg.rf.rPVI7W7YIk38Wg62Op6H.jpg,56.97
frame_001556_jpg.rf.KvR5dvKDropaBcRgkYUM.jpg,56.97
frame_001557_jpg.rf.v8Dlli7ojsaJYYumDFqk.jpg,56.97
frame_001558_jpg.rf.Kn6Pp58Ltq8cu1fWA0I7.jpg,56.97
frame_001559_jpg.rf.HcyDRBfGwi2HvEbNElAk.jpg,56.97
frame_001560_jpg.rf.8GyF7RVTtZ2HWgqCQqX8.jpg,56.97
frame_001561_jpg.rf.xhGXFlYyDjn7EjZo5UeM.jpg,58.995003
frame_001562_jpg.rf.jtyV0pmTmzMBLMZcohIp.jpg,58.995003
frame_001563_jpg.rf.Lk6FnghT9zVeb8sHFVAL.jpg,58.995003
frame_001564_jpg.rf.cm5ygvxBNkr69jZ3Jm2w.jpg,58.995003
frame_001565_jpg.rf.faSZ4GjSQm6w1fEbtPwD.jpg,58.995003
frame_001566_jpg.rf.7FgVsKbmHpz8NbkjTGEj.jpg,58.995003
frame_001567_jpg.rf.iscmHqOEdd6hNy9U4eCj.jpg,58.995003
frame_001568_jpg.rf.tstg8G7Hln9SkAmUofbX.jpg,58.995003
frame_001569_jpg.rf.AWPQqvjLjLvAi3NFRk4X.jpg,58.995003
frame_001570_jpg.rf.OPfE5ENpfIP9cvZ1W7mY.jpg,61.020004
frame_001571_jpg.rf.snmH7FFz9PaC8xMJlvIZ.jpg,61.020004
frame_001572_jpg.rf.2Xvj45LhP9CAgBgKndrs.jpg,61.020004
frame_001573_jpg.rf.o6kDO82wLT2Yz5f72cFI.jpg,61.020004
frame_001574_jpg.rf.KreecPTicNFutM4GyoQn.jpg,61.020004
frame_001575_jpg.rf.PWEvbGHThGbuqRTQTfHl.jpg,61.020004
frame_001576_jpg.rf.kzsR53fSA5MzWa2J8bzn.jpg,61.020004
frame_001577_jpg.rf.n5ZNYDebNrhThhVR0TfO.jpg,61.020004
frame_001578_jpg.rf.dW6JYYFxf4GPfNFEqQa6.jpg,61.020004
frame_001579_jpg.rf.ZlEWEJ4houskHumiMpCs.jpg,58.995003
frame_001580_jpg.rf.QnxM132wcnLlePLsYN1v.jpg,58.995003
frame_001581_jpg.rf.pGv36LIPIvzaWQYBhUb7.jpg,58.995003
frame_001582_jpg.rf.FebCyKotndEnxkJZrTlU.jpg,58.995003
frame_001583_jpg.rf.T0eSEjlye6GPegJtWtGF.jpg,58.995003
frame_001584_jpg.rf.oFZtIruYdaWO3fYLqQeT.jpg,58.995003
frame_001585_jpg.rf.sUUy3abbEIr0UN6IGil4.jpg,58.995003
frame_001586_jpg.rf.VOWOpxl5uzDnMiJVPSsJ.jpg,58.995003
frame_001587_jpg.rf.zF3KyY1L3IJDrPWzCoO8.jpg,58.995003
frame_001588_jpg.rf.NYgzW4ijQnmDuRodyoC0.jpg,55.0125
frame_001589_jpg.rf.M80mIv8PVtMPusheoj0E.jpg,55.0125
frame_001590_jpg.rf.hprGyfF3SzPHLmURRTmm.jpg,55.0125
frame_001591_jpg.rf.MeK4QlxyIHGAgoEVCqs5.jpg,55.0125
frame_001592_jpg.rf.4yNU9XAN3rLfqOiiQLIO.jpg,55.0125
frame_001593_jpg.rf.57jB7sQY2sOwt1Z3WkIz.jpg,55.0125
frame_001594_jpg.rf.wiuxmxlCH2IBC0JTp2LB.jpg,55.0125
frame_001595_jpg.rf.2syXcZM9eFeOaLgWHlc9.jpg,55.0125
frame_001596_jpg.rf.0rQsBC612D55DToWQ3Kc.jpg,55.0125
frame_001597_jpg.rf.K5m3omZsfwbhmm8xrOUl.jpg,52.987503
frame_001598_jpg.rf.U2x018e4oxkxHIuJD9c4.jpg,52.987503
frame_001599_jpg.rf.1FNxSgHzuSbmCkPtSw1w.jpg,52.987503
frame_001600_jpg.rf.Rg63B5zcD655JVTXSCsE.jpg,52.987503
frame_001601_jpg.rf.eryqtBapAs3ghT9X1yi7.jpg,52.987503
frame_001602_jpg.rf.YWiOWXdxtjLZKbqVCjA8.jpg,52.987503
frame_001603_jpg.rf.c6QLtHybr57PlNQw18zN.jpg,52.987503
frame_001604_jpg.rf.D93aOToc5WNjisv6V31j.jpg,52.987503
frame_001605_jpg.rf.F3q5D14Hdx4LZaoJ74c3.jpg,52.987503
frame_001606_jpg.rf.B2q97dokWkahc2hW21mE.jpg,49.005
frame_001607_jpg.rf.0ScpKtlz0GFyzqjQIzVB.jpg,49.005
frame_001608_jpg.rf.srltafe1949tWthwW5gV.jpg,49.005
frame_001609_jpg.rf.NUqH3TUFcOUoyATNkGx3.jpg,49.005
frame_001610_jpg.rf.mcefCvaZ1NUiECWJGdB2.jpg,49.005
frame_001611_jpg.rf.EbpBe6CyfXklV9ItxweI.jpg,49.005
frame_001612_jpg.rf.thI8Byb9QFQ1z0AAqPkU.jpg,49.005
frame_001613_jpg.rf.pVPKSuKNt1Xk3GwHmjXj.jpg,49.005
frame_001614_jpg.rf.194sAXweq6j2FLOwWeD4.jpg,49.005
frame_001615_jpg.rf.iPu2WP3R9kqp540KSFw9.jpg,42.9975
frame_001616_jpg.rf.mn3REBhJrv2IVKTogwYC.jpg,42.9975
frame_001617_jpg.rf.BiYnxuI6oYyFwUpdVq2w.jpg,42.9975
frame_001618_jpg.rf.a8n5EVEUY9Jdk8MTr9Pl.jpg,42.9975
frame_001619_jpg.rf.XBgbpqLhNVKb1Pu2AeXH.jpg,42.9975
frame_001620_jpg.rf.FeTjKiCh1NcnJdaaOpvx.jpg,42.9975
frame_001621_jpg.rf.L7WbdbrgBdkauNq9tCrD.jpg,42.9975
frame_001622_jpg.rf.38s8YFBO6tqlxkOFr0yn.jpg,42.9975
frame_001623_jpg.rf.oQ4VFwtqf6Oz7hWFR09F.jpg,42.9975
frame_001624_jpg.rf.PaAYVlRRD6bYzqpEVmTM.jpg,41.985
frame_001625_jpg.rf.OYTsl4atoaVcWxp5ca8U.jpg,41.985
frame_001626_jpg.rf.WcS8mGYdbVl5oqxMPRtp.jpg,41.985
frame_001627_jpg.rf.N5tOUD5oeQgbVqE5ylWJ.jpg,41.985
frame_001628_jpg.rf.LiqUHuYJmYu8105bglpo.jpg,41.985
frame_001629_jpg.rf.xH5KiBgY3JgkyLm5KbDb.jpg,41.985
frame_001630_jpg.rf.jlXfD8nvORWJ6JgdKzoH.jpg,41.985
frame_001631_jpg.rf.jWqMIgJdVkZvlp2mgB37.jpg,41.985
frame_001632_jpg.rf.0SJjXeL9Rd3WHApIY8fC.jpg,41.985
frame_001633_jpg.rf.hB1RJDTL2T1pjvknx8NB.jpg,38.002502
frame_001634_jpg.rf.65WcJBbdC8ZabwAnF9xt.jpg,38.002502
frame_001635_jpg.rf.nX6ByF8AJgWoYDiAUOZB.jpg,38.002502
frame_001636_jpg.rf.nt5iNYzeBBPctWCaX4vo.jpg,38.002502
frame_001637_jpg.rf.I1DetEse141XWulBHUez.jpg,38.002502
frame_001638_jpg.rf.gos9NtC9zE9kQ2Zxzs1f.jpg,38.002502
frame_001639_jpg.rf.Hryo1RbjLGOxNYfXsfEy.jpg,38.002502
frame_001640_jpg.rf.DBpH4RZ6MGKAqX7LOw3u.jpg,38.002502
frame_001641_jpg.rf.k5rrfVJ9aJStvUnBawuR.jpg,38.002502
frame_001642_jpg.rf.9uka1XD0JKuSCbcbdLGG.jpg,38.002502
frame_001643_jpg.rf.PZnOH1eZPaqumBEt4tEL.jpg,31.995
frame_001644_jpg.rf.dH2ia53nBkxRJRrqj1T5.jpg,31.995
frame_001645_jpg.rf.o5FShDJ755qJ5Ur4fCKl.jpg,31.995
frame_001646_jpg.rf.4Em84rWc9pFGFgY1YU7b.jpg,31.995
frame_001647_jpg.rf.gtKzTL40YcPCd4Stt6On.jpg,31.995
frame_001648_jpg.rf.Bj8JL47Cjwf72QkgIhzN.jpg,31.995
frame_001649_jpg.rf.GrLlJVztu13ylewl8w1g.jpg,31.995
frame_001650_jpg.rf.rXS3oCThDjl6qFRe8CfY.jpg,31.995
frame_001651_jpg.rf.8EPaga6fulbcWayld64u.jpg,31.995
frame_001652_jpg.rf.ALB5bgfsG6CfIh4BRZUl.jpg,30.982502
frame_001653_jpg.rf.47Bv3HwFaG7UXbyW58wv.jpg,30.982502
frame_001654_jpg.rf.gNfr3UVz1qsJwvamQHz9.jpg,30.982502
frame_001655_jpg.rf.J0dgOVHv7MZ0CN0uPNxj.jpg,30.982502
frame_001656_jpg.rf.DfU0ASWc4M9QYnnOSanP.jpg,30.982502
frame_001657_jpg.rf.NgeyVsLO4JWnkZRnRsf5.jpg,30.982502
frame_001658_jpg.rf.R4a9lRvU0tMLKP3dlkOR.jpg,30.982502
frame_001659_jpg.rf.xgT6grv7E26hGxmDSWOU.jpg,30.982502
frame_001660_jpg.rf.iBq5ahR9Hx9w4oUcoHCA.jpg,30.982502
frame_001661_jpg.rf.UOZT5SfvqfqkwI6xfAAD.jpg,28.0125
frame_001662_jpg.rf.VN7S9FdEQIFCX93e9wNa.jpg,28.0125
frame_001663_jpg.rf.kCS8S9DuDKOFfvnCX9K0.jpg,28.0125
frame_001664_jpg.rf.rQ6Eg8qEX3YHSskQQiUz.jpg,28.0125
frame_001665_jpg.rf.iNEkdAUrqDu9MCYYSSYj.jpg,28.0125
frame_001666_jpg.rf.dBfuzSnQrws6eEZu2f0H.jpg,28.0125
frame_001667_jpg.rf.pikY1a5x6mhVnAayJoOh.jpg,28.0125
frame_001668_jpg.rf.lLv39zaeiqDG9asMToAv.jpg,28.0125
frame_001669_jpg.rf.MYX1f7anWSWk61V83XE2.jpg,28.0125
frame_001670_jpg.rf.tNHBft9ETd4jOmU9UXrX.jpg,28.0125
frame_001671_jpg.rf.77DsGv41vtYSTnQQOCLW.jpg,28.0125
frame_001672_jpg.rf.HKZsgMoIjuRnKwDTlq1F.jpg,28.0125
frame_001673_jpg.rf.cyHK31pxDvyhq6qsSPoo.jpg,28.0125
frame_001674_jpg.rf.5L1V27yr2gJkDizutOA7.jpg,28.0125
frame_001675_jpg.rf.PUY7lyX2WH3Vb6C8M9KX.jpg,28.0125
frame_001676_jpg.rf.uVVAoXDd1RHD5IlmXRrS.jpg,28.0125
frame_001677_jpg.rf.663hyfeIf0HTopf9IQAp.jpg,28.0125
frame_001678_jpg.rf.W2OcHJbkYQpHuLZkmVE0.jpg,28.0125
frame_001679_jpg.rf.Ok4EDBIVayrW6KyNi61k.jpg,42.9975
frame_001680_jpg.rf.mEFcpjgJgGJM1McS2v0H.jpg,42.9975
frame_001681_jpg.rf.HPSYulRYpbyaD7szTPox.jpg,42.9975
frame_001682_jpg.rf.uwICaBhphjfQcX7frvpK.jpg,42.9975
frame_001683_jpg.rf.VRMLAuXlSuHQsormGq7K.jpg,42.9975
frame_001684_jpg.rf.P8FYpwAGqQfp9Fy49UOP.jpg,42.9975
frame_001685_jpg.rf.128j6fzMBcDvTsj7YK73.jpg,42.9975
frame_001686_jpg.rf.a1C9Q6imSFMZUiokkfY8.jpg,42.9975
frame_001687_jpg.rf.BNcKzlXlLb7yJsCjpr09.jpg,42.9975
frame_001688_jpg.rf.TvRFZhcD5Hq3daXs8nEg.jpg,60.007504
frame_001689_jpg.rf.7b3Jrdca5GFPDkn1YCPK.jpg,60.007504
frame_001690_jpg.rf.MBn4gdGboAlhX7mYbYDs.jpg,60.007504
frame_001691_jpg.rf.wIPZgaRdxkpLQn2oYa4C.jpg,60.007504
frame_001692_jpg.rf.3MZqxcoQ8GhMTB9reKVI.jpg,60.007504
frame_001693_jpg.rf.jry47rX2PyrauVjE2MuU.jpg,60.007504
frame_001694_jpg.rf.eH5oHk3qkuS55TJc1tFr.jpg,60.007504
frame_001695_jpg.rf.hzn2aj6qjtsauA7UXyFk.jpg,60.007504
frame_001696_jpg.rf.cvwsaC2tVR0YRGDhbZ6p.jpg,60.007504
frame_002069_jpg.rf.3oiManTki5uo8dtPDi63.jpg,73.98
frame_002070_jpg.rf.c5a1agD6wkVjNRGCXHcB.jpg,84.982506
frame_002071_jpg.rf.uEakwe0l2VoiAyQBzP8X.jpg,84.982506
frame_002072_jpg.rf.KtMSd1yVbCoquZtGo0zk.jpg,84.982506
frame_002073_jpg.rf.WhmYjunNhh0WKnJbXOok.jpg,84.982506
frame_002074_jpg.rf.aIjvgeFjKsfoGt1JjDRU.jpg,84.982506
frame_002075_jpg.rf.QA9x8iUXeYBi5Ief2peC.jpg,84.982506
frame_002076_jpg.rf.zXrcvQgxNQqKDGkiApCe.jpg,84.982506
frame_002077_jpg.rf.4f5cnEQNvmColsocGeDl.jpg,84.982506
frame_002078_jpg.rf.R9wAs7GTi5SmXxa4Fv8T.jpg,84.982506
frame_002079_jpg.rf.Esfl3JELvUIKECdRdjyn.jpg,83.97
frame_002080_jpg.rf.wtXZkNltB63OA5sITMj5.jpg,83.97
frame_002081_jpg.rf.XnPgck0uCGU98ZvZkoRb.jpg,83.97
frame_002082_jpg.rf.DKG6RMD1VBN8Dep9JKT6.jpg,83.97
frame_002083_jpg.rf.V47AlE7F1MGJ1MoH0cZ4.jpg,83.97
frame_002084_jpg.rf.RD1MMgNatPh4Ovod3uk7.jpg,83.97
frame_002085_jpg.rf.ZvUDuPLwhF0mTG1ilDBn.jpg,83.97
frame_002086_jpg.rf.cM28nn6nC8hkPb70HArH.jpg,83.97
frame_002087_jpg.rf.lW8nxsITje2KJ35wj4zL.jpg,83.97
frame_002088_jpg.rf.hGUzLOjgnfCULTaPHbwZ.jpg,83.97
frame_002089_jpg.rf.HXMu3QTsvTxZZcfUyMe1.jpg,100.98
frame_002090_jpg.rf.i97q9hrkXoaXOkz2wfUK.jpg,100.98
frame_002091_jpg.rf.qbbLuwWXtDu8bH6aiBuX.jpg,100.98
frame_002092_jpg.rf.fvLPVi5ac3KC86sMTrso.jpg,100.98
frame_002093_jpg.rf.gtsJmHcSx56rr3VqJJMA.jpg,100.98
frame_002094_jpg.rf.TlJlW6IjTDmM00M28rsG.jpg,100.98
frame_002095_jpg.rf.Ib5n1dBW9a3X0xgxp7iE.jpg,100.98
frame_002096_jpg.rf.6cfD9UZBWlvUqaRF1VY2.jpg,100.98
frame_002097_jpg.rf.QWbZlYFZry1qfcG4CuTo.jpg,100.98
frame_002098_jpg.rf.uEF9jKJUiGiW6RjwBMjc.jpg,110.025
frame_002099_jpg.rf.sQWHeFHgZjioOZ3S1iXQ.jpg,110.025
frame_002100_jpg.rf.sUa25Zp291PmEQZlKkIP.jpg,110.025
frame_002101_jpg.rf.Twe3FesnsUIIUsEZLf7R.jpg,110.025
frame_002102_jpg.rf.n5UXvi9caeHs44MWcYJj.jpg,110.025
frame_002103_jpg.rf.MNPzKAKXQ7Qare1UAwYI.jpg,110.025
frame_002104_jpg.rf.oy81IsQgV6yghcUeF9XK.jpg,110.025
frame_002257_jpg.rf.n30mslCSehbRli3f0IJo.jpg,108.00001
frame_002258_jpg.rf.CaplFBRqKPJ89iPn8t9L.jpg,108.00001
frame_002259_jpg.rf.WRqvaY6YEs8HCTpSwAI0.jpg,108.00001
frame_002260_jpg.rf.ZGJc3pLMlFLmLydLe2id.jpg,108.00001
frame_002261_jpg.rf.LA0KFqX3MbIuTdHCkoRH.jpg,108.00001
frame_002262_jpg.rf.mE9qlGttAsYaFz4dS3Df.jpg,111.982506
frame_002263_jpg.rf.v9uQZuGV4yVeJFe42EWI.jpg,111.982506
frame_002264_jpg.rf.xpzVa7rBQ2XG5YV7VMdS.jpg,111.982506
frame_002265_jpg.rf.h1AQZ7rYE0tMcaIU7N8D.jpg,111.982506
frame_002266_jpg.rf.WMzkb8VmGT8zQSV5NMMF.jpg,111.982506
frame_002267_jpg.rf.mLCmieYc3XsI6vy7Hl61.jpg,111.982506
frame_002268_jpg.rf.VMrx0rY6fcejoDQkPeiq.jpg,111.982506
frame_002269_jpg.rf.HiDHRzWM28zjoPdokPuR.jpg,111.982506
frame_002270_jpg.rf.C8EM0SPxtghsj9xdikKp.jpg,111.982506
frame_002271_jpg.rf.nFkpsYGdIsLnjEgrEZht.jpg,114.00751
frame_002272_jpg.rf.i99kGwZBnYaWB7hxZxoy.jpg,114.00751
frame_002273_jpg.rf.JtWFEz6Zj37Roneb8PsC.jpg,114.00751
frame_002274_jpg.rf.rh5BtpQrRR23wnOu4khs.jpg,114.00751
frame_002275_jpg.rf.5ExhlPZkGstAHPTyIqQO.jpg,114.00751
frame_002276_jpg.rf.W9TtlkhmG3LTbQTE9Uw7.jpg,114.00751
frame_002277_jpg.rf.BYhh5tVrbGIO1y8P3vWq.jpg,114.00751
frame_002278_jpg.rf.raH6QwPNumDCwr64kQin.jpg,114.00751
frame_002279_jpg.rf.BTxFDGujEmkdYHk83wzS.jpg,114.00751
frame_002280_jpg.rf.do2Bi4NpPKv7vJxycUF6.jpg,120.01501
frame_002281_jpg.rf.1Tt6gAH4bA9HvGOGk10N.jpg,120.01501
frame_002282_jpg.rf.gJg5axmbkPGFSgNsi8fS.jpg,120.01501
frame_002283_jpg.rf.Syl6NIh34FhS5DzucfLE.jpg,120.01501
frame_002284_jpg.rf.W62EZFTZ8kCAoAJnyRxT.jpg,120.01501
frame_002285_jpg.rf.IaJilvsGwv6FIMCAGJtw.jpg,120.01501
frame_002286_jpg.rf.mYOhN6mUe0cI0aFmlyjV.jpg,120.01501
frame_002287_jpg.rf.Ey2lDNJ21j6HCFDcn1TD.jpg,120.01501
frame_002288_jpg.rf.VPENhdcYMpnWiQSt975o.jpg,120.01501
frame_002289_jpg.rf.Q7NOevW6DwhhAhrdcxJC.jpg,121.9725
frame_002290_jpg.rf.kEepxVlyr7g97Wtv0cKy.jpg,121.9725
frame_002291_jpg.rf.nUVi049xwM5UeSoAKQT7.jpg,121.9725
frame_002292_jpg.rf.h8BWSeYnYxK8grgmKEv4.jpg,121.9725
frame_002425_jpg.rf.KoTpqFhHT98HR7BY33l3.jpg,55.0125
frame_002426_jpg.rf.LD7juL11VPInGo2sEmz3.jpg,55.0125
frame_002427_jpg.rf.1qAqWdu9CsRQMq2eY6C9.jpg,55.0125
frame_002428_jpg.rf.U3nj8pSZcnFg0HcNMm09.jpg,55.0125
frame_002429_jpg.rf.Uec8tYplzzQuRNXj53dV.jpg,55.0125
frame_002430_jpg.rf.kc8mSQfMAyWiBv4DAHF5.jpg,55.0125
frame_002431_jpg.rf.1acWvvKFrESfsqHZtFxX.jpg,55.0125
frame_002432_jpg.rf.NvaTV7HrhcqskSEyJ75T.jpg,55.0125
frame_002433_jpg.rf.8yGOyiYMDLcHxdwyK8zE.jpg,55.0125
frame_002434_jpg.rf.1es88NwEnDalhtNJya5c.jpg,42.9975
frame_002435_jpg.rf.kZgE2aChbVJ70jw9aO8x.jpg,42.9975
frame_002436_jpg.rf.yZA7mPHvJRtuUTIOQOID.jpg,42.9975
frame_002437_jpg.rf.XJGnPgVoOPcD4bicWgwn.jpg,42.9975
frame_002438_jpg.rf.ZBO48eEgcjqWssu6zbZ8.jpg,42.9975
frame_002439_jpg.rf.a3j7gryVPPPrzx1xROnS.jpg,42.9975
frame_002440_jpg.rf.Y2siVYbrJIsj5D2wukgZ.jpg,42.9975
frame_002441_jpg.rf.GlTO7ZRjNkrtFpKb9BCO.jpg,42.9975
frame_002442_jpg.rf.1GvWG4DiwKnR23ur9WOn.jpg,42.9975
frame_002443_jpg.rf.eCY95PmkYzRSlSvPegu2.jpg,42.9975
frame_002444_jpg.rf.0TXORrfiTezxDlZnxRTk.jpg,36.99
frame_002445_jpg.rf.ItUsLvvU5K5nGGhcvNJC.jpg,36.99
frame_002446_jpg.rf.G5968bbTfsO9qgrQvsqg.jpg,36.99
frame_002447_jpg.rf.nOqroceqSSBvEUEJ6ptr.jpg,36.99
frame_002448_jpg.rf.DBXjt2AMKXDctAxZuX4o.jpg,36.99
frame_002449_jpg.rf.1xe7imLT5hFOtkprvips.jpg,36.99
frame_002450_jpg.rf.vu131lqmuQ4rJdnZEOPb.jpg,36.99
frame_002451_jpg.rf.IW64JQiOUboiMkM4RwBy.jpg,36.99
frame_002452_jpg.rf.DA2YbTu6MBSHJDsFdP3z.jpg,36.99
frame_002453_jpg.rf.WXydpkxpjaJOosq3X04k.jpg,40.0275
frame_002454_jpg.rf.fVpJPOeYBBafjTVE4dOd.jpg,40.0275
frame_002455_jpg.rf.W0XTreQxjWTbwn2Rqfs0.jpg,40.0275
frame_002456_jpg.rf.TpwatSZHHFfhUZRrhQzl.jpg,40.0275
frame_002457_jpg.rf.HcxnHZEoMaPHdDcr0bun.jpg,40.0275
frame_002458_jpg.rf.Fr4LrWQaVQt0dn0itqpI.jpg,40.0275
frame_002459_jpg.rf.c6pYAiD3KF79Qz3eNSZ7.jpg,40.0275
frame_002460_jpg.rf.lIC7lTkxN6tl6s4Pordu.jpg,40.0275
frame_003225_jpg.rf.vY4ylzv7DaY44ule1uHV.jpg,108.00001
frame_003226_jpg.rf.BK2GkD0lwoFBGxLrniq1.jpg,111.982506
frame_003227_jpg.rf.BnZBXuarXb5ApVlfhNdm.jpg,111.982506
frame_003228_jpg.rf.8VlIOu6x6tXS2oHFiAme.jpg,111.982506
frame_003229_jpg.rf.R9XVdGXdc931cEHgBiJT.jpg,111.982506
frame_003230_jpg.rf.LwxSdVxBEGRIevX5NT8Z.jpg,111.982506
frame_003231_jpg.rf.NM7eelcTZ3ahwDhKWHMR.jpg,111.982506
frame_003232_jpg.rf.R8BtB1eKV1xJMQ6ZeTrZ.jpg,111.982506
frame_003233_jpg.rf.jSKWuZ1BkblIqjvUIcVi.jpg,111.982506
frame_003234_jpg.rf.6RzldfdFsCTKNL5NPJM0.jpg,111.982506
frame_003235_jpg.rf.H2bZ0HHQoW5TXcrCHLEE.jpg,114.00751
frame_003236_jpg.rf.y6MlIc5wHQKk1carPm2B.jpg,114.00751
frame_003237_jpg.rf.osjSDtkrAtV0m7umT4Ri.jpg,114.00751
frame_003238_jpg.rf.I3JNFWrFFRoC8zKBdZZT.jpg,114.00751
frame_003239_jpg.rf.X7yQEPLul2w7AhWgYz2K.jpg,114.00751
frame_003240_jpg.rf.4V096MZpEugZQqdQDLQF.jpg,114.00751
frame_003241_jpg.rf.kp6F1F8ccQJb1KUfBH6G.jpg,114.00751
frame_003242_jpg.rf.NCh0mgEMMqZ4zmQ3LbKu.jpg,114.00751
frame_003243_jpg.rf.HlDlnt8sW5XYntGuyoZS.jpg,114.00751
frame_003244_jpg.rf.8rpu1kxdB2600aYBRwqu.jpg,114.00751
frame_003245_jpg.rf.XtXEKhatBI2xD4ockAkv.jpg,119.0025
frame_003246_jpg.rf.Il30fAxLmBQ7dG8y6KDr.jpg,119.0025
frame_003247_jpg.rf.dBZk8xbin4pC2ApojhHW.jpg,119.0025
frame_003248_jpg.rf.gFrHNisDfGHpb4sVxxZo.jpg,119.0025
frame_003397_jpg.rf.RwRs2JBTKTPMXs8unyrY.jpg,52.987503
frame_003398_jpg.rf.FSJ3k0F9NULQ7KSNuYzD.jpg,52.987503
frame_003399_jpg.rf.1Kl585bg4P5FXGjWQy9B.jpg,40.9725
frame_003400_jpg.rf.UtA8CaJ0Ki58TO7QUVkW.jpg,40.9725
frame_003401_jpg.rf.lFsfdlsbJg1Y5IyKL633.jpg,40.9725
frame_003402_jpg.rf.LPEAL2O0CBi6HTYvB6Zl.jpg,40.9725
frame_003403_jpg.rf.2xW5mWy1ewlJhI62hghq.jpg,40.9725
frame_003404_jpg.rf.zNKWEwmwPcqtdLcXwrMu.jpg,40.9725
frame_003405_jpg.rf.DRAuJb22NzBXJYzANaja.jpg,40.9725
frame_003406_jpg.rf.WOJmCADsOYwO9MA1U4rE.jpg,40.9725
frame_003407_jpg.rf.i40kcMF0eA7GRl6UMIMJ.jpg,40.9725
frame_003408_jpg.rf.Y0mNkKMZWNPBOZ4G9lGs.jpg,36.99
frame_003409_jpg.rf.u1hv4lb16G2yDGrkLcOP.jpg,36.99
frame_003410_jpg.rf.ixBDaEd5qeXjtHfdLno9.jpg,36.99
frame_003411_jpg.rf.cRWxSbTxH7WFAORkBCJa.jpg,36.99
frame_003412_jpg.rf.inv4QdLc0fmCGMLHehd6.jpg,36.99
frame_003413_jpg.rf.53l7e8giEZqyggTfKgb0.jpg,36.99
frame_003414_jpg.rf.gBWH80mbzyM2pa3cazme.jpg,36.99
frame_003415_jpg.rf.Y7IZMb2tAG4kfkygZFJe.jpg,36.99
frame_003416_jpg.rf.71oue7nGfXLF2f2HqIH5.jpg,36.99
frame_003417_jpg.rf.0GQXLzTgHQdoyB5zUGlR.jpg,36.99
frame_003418_jpg.rf.kZm3kMolcM713kIk6iFu.jpg,40.0275
frame_003419_jpg.rf.gOHxStWFjVnBGsUffGji.jpg,40.0275
frame_003420_jpg.rf.eq8O3XOOSFwgySDvHQBd.jpg,40.0275
frame_003421_jpg.rf.rjcL2FYlFHVwNaP7qMFJ.jpg,40.0275
frame_003422_jpg.rf.KA2t4sYjrdQ2b6OZPfmZ.jpg,40.0275
frame_003423_jpg.rf.d3dk32An3pl0vA9zN4xA.jpg,40.0275
frame_003424_jpg.rf.1u2jhmsPFwT3ABL9MUt8.jpg,40.0275
frame_004189_jpg.rf.raVYMVQjiXPazMm8HPjr.jpg,109.012505
frame_004190_jpg.rf.5WIuydRa95gUnhHeZ36P.jpg,109.012505
frame_004191_jpg.rf.H8Zmj92xbtb6bu6kuBTB.jpg,111.982506
frame_004192_jpg.rf.4FhQY5LZSFZ0XICyOso3.jpg,111.982506
frame_004193_jpg.rf.ZACejH5GfEwD0HHwGtgD.jpg,111.982506
frame_004194_jpg.rf.vE7A9n0Y1cdTjsSmpVBV.jpg,111.982506
frame_004195_jpg.rf.SxULzb8mvS58xsoK4MnV.jpg,111.982506
frame_004196_jpg.rf.e0h7XfNMOhCInHlGoBvx.jpg,111.982506
frame_004197_jpg.rf.hSezZiqwP2v3hrWTI2T3.jpg,111.982506
frame_004198_jpg.rf.uPKBcOjgTMyBVAg222On.jpg,111.982506
frame_004199_jpg.rf.Gq5JxWpacnKGEnveokVI.jpg,111.982506
frame_004200_jpg.rf.O27dU8MsZlQ0Vhv3rZYs.jpg,116.0325
frame_004201_jpg.rf.YDJt3NH071Gmv5UsME3K.jpg,116.0325
frame_004202_jpg.rf.we3PDZycrTmN53Y3G75g.jpg,116.0325
frame_004203_jpg.rf.oTUI8ChU2ftbaCqKWNOL.jpg,116.0325
frame_004204_jpg.rf.CAGcyPxv1LQLRLugBQpM.jpg,116.0325
frame_004205_jpg.rf.Uzty50srlsmNFinFGuoU.jpg,116.0325
frame_004206_jpg.rf.hOuA43pBw8ZocSHhqCtY.jpg,116.0325
frame_004207_jpg.rf.sqRzdPixeUadAFDMEijK.jpg,116.0325
frame_004208_jpg.rf.HpuEq3JTH7tYsV9ofRAo.jpg,116.0325
frame_004209_jpg.rf.BLqnCeIdF55OgXCcpCTF.jpg,119.0025
frame_004210_jpg.rf.ZNm2bRp1Ix3TiCZAQnOx.jpg,119.0025
frame_004211_jpg.rf.xGf9KvMbMVynMNYoFf1x.jpg,119.0025
frame_004212_jpg.rf.JwxFYpCu04D1eSD6j3XA.jpg,119.0025
frame_004365_jpg.rf.UFW7EFODeHesabe5dMI6.jpg,40.0275
frame_004366_jpg.rf.bHUuscNyImZyCq9sFwgK.jpg,40.0275
frame_004367_jpg.rf.uIdxzLmOmZ0Ij2L4byuh.jpg,40.0275
frame_004368_jpg.rf.s4Ch2O8Ok67rhwFR1xpa.jpg,40.0275
frame_004369_jpg.rf.HWTm7PV9Aib9UY8eT4JO.jpg,40.0275
frame_004370_jpg.rf.OdQjekabw2ZbAvIc8XbB.jpg,40.0275
frame_004371_jpg.rf.sWcnUzg0rhehESZ6eRto.jpg,40.0275
frame_004372_jpg.rf.T1ogEvZwI0YaseMV5Lty.jpg,40.0275
frame_004373_jpg.rf.DPmP9JyTxAXLJijLOrYp.jpg,38.002502
frame_004374_jpg.rf.4SZqZB9HfedSdQWS4w4O.jpg,38.002502
frame_004375_jpg.rf.oTc86BKi91KvyBoi1pvy.jpg,38.002502
frame_004376_jpg.rf.WsuTewMSMWjkbxBq6QiK.jpg,38.002502
frame_004377_jpg.rf.dhWyeBeLCXdSpsLAUZ4Q.jpg,38.002502
frame_004378_jpg.rf.UsVAw8za1wrz5UVQ2prn.jpg,38.002502
frame_004379_jpg.rf.g4il6mIblx3BKGrxKLg4.jpg,38.002502
frame_004380_jpg.rf.gOP9NMONSzYjT4Kk8Z5s.jpg,38.002502
frame_004381_jpg.rf.9dXVzTDOCKHCmaAD3Wy1.jpg,38.002502
frame_004382_jpg.rf.RgP9t8pjnh5xIiQNLFM5.jpg,39.015003
frame_004383_jpg.rf.6jFFYISVoAAjCwgW9fUO.jpg,39.015003
frame_004384_jpg.rf.qNPM63b6CXKVbwjUmbRp.jpg,39.015003
frame_004385_jpg.rf.v492AgDPP1MnuRTcBWtk.jpg,39.015003
frame_004386_jpg.rf.fIkQt6OP3EdwSBi9dxrL.jpg,39.015003
frame_004387_jpg.rf.eitef6fcDk8bKcQfDReT.jpg,39.015003
frame_004388_jpg.rf.pDesCz7PrQd14x5itoln.jpg,39.015003
frame_004389_jpg.rf.lQHTk5VFZFthOZqzjFJr.jpg,39.015003
frame_004390_jpg.rf.l3KTVvSDRg8gVPdPojOr.jpg,39.015003
frame_004391_jpg.rf.IWxgYCckouNuOvMdZXSn.jpg,42.9975
frame_004392_jpg.rf.4gr2zc0dFso6Lp34ICIr.jpg,42.9975
frame_005153_jpg.rf.3HXFDrq9qg8pWk1fsG9y.jpg,108.00001
frame_005154_jpg.rf.BH4I6MN3DpdRIepeBUzn.jpg,108.00001
frame_005155_jpg.rf.iVgiNLD6Fu2BoS2RTVHq.jpg,108.00001
frame_005156_jpg.rf.iSRx2CLNePZUrdyAGbC4.jpg,111.982506
frame_005157_jpg.rf.uPxZ2qdAspROAkVWlHLV.jpg,111.982506
frame_005158_jpg.rf.XDhpm1GF7YO0jpkPkB08.jpg,111.982506
frame_005159_jpg.rf.u4pezGSN0rtHVAL5Bga8.jpg,111.982506
frame_005160_jpg.rf.C8vewWgLnmWSZOvkWtOi.jpg,111.982506
frame_005161_jpg.rf.5ktgGJpY6ePhaxlpf90N.jpg,111.982506
frame_005162_jpg.rf.WiTLrFHcWfJZdE4Ozttz.jpg,111.982506
frame_005163_jpg.rf.GzDCeGvpe9AXo7j8qXmL.jpg,111.982506
frame_005164_jpg.rf.1NInvuD8yGRRfHK2evr8.jpg,111.982506
frame_005165_jpg.rf.f7OLrE4HjDoP2v82KlXn.jpg,116.0325
frame_005166_jpg.rf.srQbeQCc1azrLWu2uarA.jpg,116.0325
frame_005167_jpg.rf.Sx0l8dDQytpcEGbZ6jA2.jpg,116.0325
frame_005168_jpg.rf.d7zuw0XE8XxpmNGjITG1.jpg,116.0325
frame_005169_jpg.rf.F4cb4QiMo0zSjK1Mj4KR.jpg,116.0325
frame_005170_jpg.rf.XDCElhOCPM7kZmI4c5zs.jpg,116.0325
frame_005171_jpg.rf.ZuahxzILnKKgHMr4tW5o.jpg,116.0325
frame_005172_jpg.rf.KXErjb1hkKhyKs6Yljah.jpg,116.0325
frame_005173_jpg.rf.9IU5x2xnYFw7OtbRZN4h.jpg,116.0325
frame_005174_jpg.rf.uEWJ8DlH5ioMYLawZXFT.jpg,115.020004
frame_005175_jpg.rf.YzcnnjbTo4GgD7Fdy2fd.jpg,115.020004
frame_005176_jpg.rf.Ku50C7GE1j6fRJt76J9n.jpg,115.020004
frame_005177_jpg.rf.wS3ZeyLjREuMNSPv9HXW.jpg,115.020004
frame_005178_jpg.rf.W14fFeFTXMKOnOL7EkB7.jpg,115.020004
frame_005179_jpg.rf.78aj27rwM7y2xu8AOgoj.jpg,115.020004
frame_005180_jpg.rf.IhzIjg9i6gtZH5pPxaVS.jpg,115.020004
frame_005181_jpg.rf.w8d6SyRwXkZ3he84rzBu.jpg,115.020004
frame_005182_jpg.rf.TcESHP0L1Kt03y3f6jnr.jpg,115.020004
frame_005183_jpg.rf.zoY7UecBrIypZRJWCJp8.jpg,121.9725
frame_005184_jpg.rf.4bHmUyix3uYkkX6zJwI6.jpg,121.9725
frame_005185_jpg.rf.69rbsoByW6iqOUIy6Nmj.jpg,121.9725
frame_005186_jpg.rf.L1SZ2Cxsgky9hWgSX1Js.jpg,121.9725
frame_005187_jpg.rf.rzVuNP3keTcJn8y2En2j.jpg,121.9725
frame_005188_jpg.rf.9zyKWGk1lXKoVZaHfFKD.jpg,121.9725
frame_005189_jpg.rf.ia4JeaouutXIHDybSNAH.jpg,121.9725
frame_005190_jpg.rf.PnHnpg84rEVYPt24vsnR.jpg,121.9725
frame_005191_jpg.rf.5nmUi2FxYLp3zAUb4R3R.jpg,121.9725
frame_005192_jpg.rf.WtvWiI7puUwrnM7NrdsM.jpg,122.98501
frame_005313_jpg.rf.jxypfyfUA45N9rU4H1Ll.jpg,55.0125
frame_005314_jpg.rf.CcbNf1v5ESOSZsK6hnXA.jpg,55.0125
frame_005315_jpg.rf.AOvNAnw92jEaRjDe3Vew.jpg,55.0125
frame_005316_jpg.rf.LaHOniiIAuQjm136YMUH.jpg,55.0125
frame_005317_jpg.rf.SFLQA4ssXu5tBXpyJgDn.jpg,55.0125
frame_005318_jpg.rf.DG2IHYGlfcBTSM1YfY0T.jpg,55.0125
frame_005319_jpg.rf.bboybn6wbUWzqugw15A2.jpg,55.0125
frame_005320_jpg.rf.f5ThxkCOMmbepBdi9GcJ.jpg,51.030003
frame_005321_jpg.rf.CTpL8AntQN926IklpACx.jpg,51.030003
frame_005322_jpg.rf.YCX9G9TxZB8z2GePYvXy.jpg,51.030003
frame_005323_jpg.rf.Xa2Cof16EUXF7qpCv5YQ.jpg,51.030003
frame_005324_jpg.rf.SHv7AM11ZHW8yV7JXC3s.jpg,51.030003
frame_005325_jpg.rf.dxeM0eZt5MCZSmuwtBnG.jpg,51.030003
frame_005326_jpg.rf.jo4y0sKW38rRhQA63sQK.jpg,51.030003
frame_005327_jpg.rf.9RcZo3schYmBHezwTidv.jpg,51.030003
frame_005328_jpg.rf.l1ZH11GbxhfqmvxHoM6t.jpg,51.030003
frame_005329_jpg.rf.c2M5wMLkcMnKkvyAyv9p.jpg,39.015003
frame_005330_jpg.rf.VvAh6b62f8giNR7lkTYA.jpg,39.015003
frame_005331_jpg.rf.qYdHf01dl2EkJi9AId8N.jpg,39.015003
frame_005332_jpg.rf.7NvM2r5AGWHT4RSQc6zu.jpg,39.015003
frame_005333_jpg.rf.c1khQe0Ey68ZX5H4qIeD.jpg,39.015003
frame_005334_jpg.rf.qLr3YYixSf2WG3Sfbri1.jpg,39.015003
frame_005335_jpg.rf.gy5KGrE8RlWE7JIUzhvJ.jpg,39.015003
frame_005336_jpg.rf.6hEgluArjfZ33Au9ytJ6.jpg,39.015003
frame_005337_jpg.rf.vFbrbZFmugAfM5H3sSF6.jpg,39.015003
frame_005338_jpg.rf.bb5NjZlMiCLEoW8bZzIk.jpg,36.99
frame_005339_jpg.rf.uemm5tWNXVyaT73T789b.jpg,36.99
frame_005340_jpg.rf.dAVImB63z39sGaa6WiDn.jpg,36.99
frame_005341_jpg.rf.IhBXVBfTer5Spli1eoKm.jpg,36.99
frame_005342_jpg.rf.LpOSioIKs7LPG2el2Bvq.jpg,36.99
frame_005343_jpg.rf.enHQ4Yrqaz7XgGyjL1IM.jpg,36.99
frame_005344_jpg.rf.pPc9NzaPT6dW0YswYem2.jpg,36.99
frame_005345_jpg.rf.UwozyJ196UYnKgWD3UTk.jpg,36.99
frame_005346_jpg.rf.50eOiI0J6dw6RMpOEWhk.jpg,36.99
frame_005347_jpg.rf.tdBPWVh9wgMAhpYFiAwI.jpg,39.015003
frame_005348_jpg.rf.oRAIOndpiUEn8vVhhq4i.jpg,39.015003
frame_005349_jpg.rf.oLW7PTTD3lGfMd2VMPVb.jpg,39.015003
frame_005350_jpg.rf.uOKump8MlUHyzT1aGhBD.jpg,39.015003
frame_005351_jpg.rf.2QfjUnLSDsMOeHT851cv.jpg,39.015003
frame_005352_jpg.rf.HYddh78N1O9lU5VSEx9b.jpg,39.015003
frame_005353_jpg.rf.D4zUftDn1vkIp2sXFacL.jpg,39.015003
frame_005354_jpg.rf.ONtPfEYEpoz3c0DMGF4g.jpg,39.015003
frame_005355_jpg.rf.88ehgZqdFpReVTlRjGrb.jpg,39.015003
frame_005356_jpg.rf.aNoyo90uAbBu79a8NKay.jpg,41.985
frame_006113_jpg.rf.0iG96fwj2OrWP22TEYZZ.jpg,105.975006
frame_006114_jpg.rf.g2gWzVVbCTygiCuGBUJJ.jpg,105.975006
frame_006115_jpg.rf.PH8BtYCVLiBoaJCDuTlh.jpg,105.975006
frame_006116_jpg.rf.VtSDdhobA9mxd9DUU1QV.jpg,105.975006
frame_006117_jpg.rf.sRGkeKDu4d5rZUbmOS6J.jpg,105.975006
frame_006118_jpg.rf.06DnesXv8iShoMUV5yeX.jpg,105.975006
frame_006119_jpg.rf.scu5pGTYYyZ1cs3mBNe8.jpg,105.975006
frame_006120_jpg.rf.t0ByqcF0Ye2XrhL9r7jm.jpg,105.975006
frame_006121_jpg.rf.lFdFZJEti1Cvv5du2Bn1.jpg,110.025
frame_006122_jpg.rf.3JR1vlaxSYRUqwnTJx7c.jpg,110.025
frame_006123_jpg.rf.rWKO9pPqDMEo4o8nm6rY.jpg,110.025
frame_006124_jpg.rf.guHOgUHIokluNx98ZduO.jpg,110.025
frame_006125_jpg.rf.4lm3J9IStFXhBjRsT89u.jpg,110.025
frame_006126_jpg.rf.Noc0Bxw91atOgGwct75f.jpg,110.025
frame_006127_jpg.rf.pzxOjLNZCQMp62Niw1ID.jpg,110.025
frame_006128_jpg.rf.lMsTtaCKQgCjn6lXsOT4.jpg,110.025
frame_006129_jpg.rf.vCFdwL8ZZA3jsrDR86l4.jpg,110.025
frame_006130_jpg.rf.TkcpjtM5i4JwCjpze3zj.jpg,112.995
frame_006131_jpg.rf.OSYkTuRF6IXNYyGGVCnn.jpg,112.995
frame_006132_jpg.rf.bHyTzW7ieFWLTVagnOFY.jpg,112.995
frame_006133_jpg.rf.7sWRpWqaDF3fY1a4SPlN.jpg,112.995
frame_006134_jpg.rf.HkxZfOqOGGGyQwVQUdl8.jpg,112.995
frame_006135_jpg.rf.pvsg5ycSyTmDqWHvw45z.jpg,112.995
frame_006136_jpg.rf.EcwgV3BCMFY7SxMx9Y4Z.jpg,112.995
frame_006137_jpg.rf.fjlbTlg67YPhzTBW5aLF.jpg,112.995
frame_006138_jpg.rf.EsnwnDa7rYgLDJoyAFTg.jpg,112.995
frame_006139_jpg.rf.lQwfZP6EJNaPNu2O1Dvv.jpg,117.990005
frame_006140_jpg.rf.nMnq80wdvlmgnfsUJCKa.jpg,117.990005
frame_006301_jpg.rf.e5LWMbgkgNQXJNGZLOG6.jpg,40.9725
frame_006302_jpg.rf.9aucpL8tetfbqfz4TB5c.jpg,40.9725
frame_006303_jpg.rf.tbRD1EG5CJXhRVxD6Yd2.jpg,36.99
frame_006304_jpg.rf.J1FD4pvGMdgclQg0F1fl.jpg,36.99
frame_006305_jpg.rf.kp5jCj9XqiuHYqIIiNDd.jpg,36.99
frame_006306_jpg.rf.W4TvYiuEJTZKAQDCYx54.jpg,36.99
frame_006307_jpg.rf.mxmywYhNuNlcI0Gleh82.jpg,36.99
frame_006308_jpg.rf.xr7ZtRyxWSLFVYM4rDVz.jpg,36.99
frame_006309_jpg.rf.qcV6aA6Y6wS3kQzU4TKR.jpg,36.99
frame_006310_jpg.rf.3bpgxDFV2PjIo7veTPZL.jpg,36.99
frame_006311_jpg.rf.ZeDCazMVyZGMgHrCpwzj.jpg,36.99
frame_006312_jpg.rf.WGKxTMXdrzqG099gfxg6.jpg,39.015003
frame_006313_jpg.rf.vVbkuk0BnWDxpjAAIsQ7.jpg,39.015003
frame_006314_jpg.rf.5k5u4XXJqla0pO2F8A7M.jpg,39.015003
frame_006315_jpg.rf.hqkGKgLOWV4Fzv24VZIx.jpg,39.015003
frame_006316_jpg.rf.QeNvsXGfzziSX0Fm50qW.jpg,39.015003
frame_006317_jpg.rf.un8HJeTV4lGPbpkP45Jr.jpg,39.015003
frame_006318_jpg.rf.jLD28Fxpzj2GCl3j5fSf.jpg,39.015003
frame_006319_jpg.rf.QdNzhOvDc2c8dMQqhX3N.jpg,39.015003
frame_006320_jpg.rf.peSddNzioqUEB5Ugfg3v.jpg,39.015003
frame_006321_jpg.rf.73z39znWDCNXe1Kr6j7C.jpg,41.985
frame_006322_jpg.rf.yqR29HpyHOl1YUDw25NK.jpg,41.985
frame_006323_jpg.rf.Lvg6FrqZ7vHgcaWdSyw0.jpg,41.985
frame_006324_jpg.rf.aA0KRpAgcdw4kk9oTbuZ.jpg,41.985
frame_007085_jpg.rf.J9Upngr3a4wuGylUGVqm.jpg,110.97
frame_007086_jpg.rf.WKApZIEKZGvBIl4KaVjC.jpg,110.97
frame_007087_jpg.rf.AUsNWiyqSqghgkeq6ifM.jpg,110.97
frame_007088_jpg.rf.uEVrm6JeUBsKAo9fureq.jpg,110.97
frame_007089_jpg.rf.L33lCy0fJnNduRcKgefB.jpg,110.97
frame_007090_jpg.rf.NroKeDvoHhkhq65kMk1W.jpg,110.97
frame_007091_jpg.rf.1UyonwoXpPXMswC528UF.jpg,110.97
frame_007092_jpg.rf.HKWLtqxDgOLvhQ2adgph.jpg,110.97
frame_007093_jpg.rf.b9xH4zEbtGVckRqdHW85.jpg,110.97
frame_007094_jpg.rf.wmu5sA8b3FGZM11HITks.jpg,111.982506
frame_007095_jpg.rf.YpRTQPAEO6vcvw6WSB4D.jpg,111.982506
frame_007096_jpg.rf.2qInq3HfIw9mV4YYR2gd.jpg,111.982506
frame_007097_jpg.rf.8qAQe02odOfK4a3MWKgM.jpg,111.982506
frame_007098_jpg.rf.MVGJPO52lZ0lxYTxBhkd.jpg,111.982506
frame_007099_jpg.rf.Y4NcMjf65KfrTPWTwj1Q.jpg,111.982506
frame_007100_jpg.rf.QcDQJ3N6NeJilOf3ih4g.jpg,111.982506
frame_007101_jpg.rf.LrHvD1GxfmdXNMan3vB5.jpg,111.982506
frame_007102_jpg.rf.sRHCT201zOc6mFlGyY0x.jpg,111.982506
frame_007103_jpg.rf.5SDvRWFYoBvwy0AKOKOd.jpg,117.990005
frame_007104_jpg.rf.IUWyaq49j2ItgmD8NWFa.jpg,117.990005
frame_007105_jpg.rf.jFFdGnU8SN7GohWZ3cW9.jpg,117.990005
frame_007106_jpg.rf.nmsKVj1L3wXlXEEDuXtl.jpg,117.990005
frame_007107_jpg.rf.YYSckpvrHdSmsCmiPczG.jpg,117.990005
frame_007108_jpg.rf.V1LxeV7C2YhCSj8Bzhpd.jpg,117.990005
frame_007245_jpg.rf.EApQaQGTEp6nlACSd6UR.jpg,66.015
frame_007246_jpg.rf.luQS4NDZkkR6InK8pYoV.jpg,66.015
frame_007247_jpg.rf.eeGnhZ3qZJbDkPNojF6m.jpg,66.015
frame_007248_jpg.rf.RObajt0sDIempAwOp5UU.jpg,66.015
frame_007249_jpg.rf.ce0RkkIZxC7eaTWIQngr.jpg,54.000004
frame_007250_jpg.rf.aeRWI1D9wH8m6QxA36U4.jpg,54.000004
frame_007251_jpg.rf.cUvPuKmU5KcF3SbUbvIr.jpg,54.000004
frame_007252_jpg.rf.WznCY0WB38556TZ5C7ZX.jpg,54.000004
frame_007253_jpg.rf.kdPUwjWS0ySOy88oEEde.jpg,54.000004
frame_007254_jpg.rf.El8XugMWa1og1tUSubd4.jpg,54.000004
frame_007255_jpg.rf.TMEmF5tYp1vbDCcotZpu.jpg,54.000004
frame_007256_jpg.rf.IpdE6M6H81dfBqp91zd9.jpg,54.000004
frame_007257_jpg.rf.b2dg8QVI2VTFNmsqFV9b.jpg,54.000004
frame_007258_jpg.rf.0PUkL23LWOMm1A46WQ7W.jpg,41.985
frame_007259_jpg.rf.iDmqPBDu1mZuQDZsxOzW.jpg,41.985
frame_007260_jpg.rf.bkswsLo89JppruBlUlNR.jpg,41.985
frame_007261_jpg.rf.x7RpTQ983lCHbSUVzssc.jpg,41.985
frame_007262_jpg.rf.4cNu8lRQWmXHOPp8WUlA.jpg,41.985
frame_007263_jpg.rf.eFzIHWSCsKbqOrAIDYWC.jpg,41.985
frame_007264_jpg.rf.VFOUNOouKEmejiwMV0BV.jpg,41.985
frame_007265_jpg.rf.SK46B4zS96sfYFQCcbnI.jpg,41.985
frame_007266_jpg.rf.4psf4GNAkmIRL7JbKdni.jpg,41.985
frame_007267_jpg.rf.wckxGdwPGDKLBDW0W0Jm.jpg,36.99
frame_007268_jpg.rf.lvKybxATXTeNWauUQZ8b.jpg,36.99
frame_007269_jpg.rf.cL7yR2mJsaQ6sPpfskMh.jpg,36.99
frame_007270_jpg.rf.OnDJOvs0DbKG9s1IVM7h.jpg,36.99
frame_007271_jpg.rf.mTvHVsidbaKF0hB9bW1v.jpg,36.99
frame_007272_jpg.rf.wipMQQnH0rxliychLF0l.jpg,36.99
frame_007273_jpg.rf.BU69HpPYBIxpT6Yi6E1n.jpg,36.99
frame_007274_jpg.rf.HNdg43jiO91aH2NuzZ54.jpg,36.99
frame_007275_jpg.rf.QWgCIGbCHUhIk5ywAFWw.jpg,36.99
frame_007276_jpg.rf.eEOa7dplf6abOMDcfzON.jpg,39.015003
frame_007277_jpg.rf.pvvXW0yfcmpdhsBHJEVp.jpg,39.015003
frame_007278_jpg.rf.YLOVxPWO23yHoKQJi6vw.jpg,39.015003
frame_007279_jpg.rf.vACoHTlXGDpaBpb82vY0.jpg,39.015003
frame_007280_jpg.rf.a22IZWdR6D3w9qNgOmYD.jpg,39.015003
frame_007281_jpg.rf.v0ydBriQCbZB8mI612tp.jpg,39.015003
frame_007282_jpg.rf.MxRyfmFI2cbhoBRpx2h6.jpg,39.015003
frame_007283_jpg.rf.NgnuEx9IPqKZBFpFXQWM.jpg,39.015003
frame_007284_jpg.rf.Xm3Z5s7ENXbvCHXsiXwo.jpg,39.015003
frame_007285_jpg.rf.Dm0pVr2W3qebQEuDhKEX.jpg,40.9725
frame_007286_jpg.rf.Shgm5kth14HNtqe2ux8d.jpg,40.9725
frame_007287_jpg.rf.v3pZaK5uVtpp8nMG7ce8.jpg,40.9725
frame_007288_jpg.rf.K6XJM6rQnUUrePfKLrIs.jpg,40.9725
frame_007289_jpg.rf.nWEq3idHUnDgWQd4JFtj.jpg,40.9725
frame_007290_jpg.rf.R0VufDaAcGhoHkqvXTS0.jpg,40.9725
frame_007291_jpg.rf.ekUXmzJAGS1kTsJKIJdB.jpg,40.9725
frame_007292_jpg.rf.92pnBgibn9zLubQs2Trp.jpg,40.9725
frame_008049_jpg.rf.OAxoC21xhuvaamSx0QUM.jpg,106.9875
frame_008050_jpg.rf.l257bOpQdbR0raB3uzbo.jpg,109.012505
frame_008051_jpg.rf.u4A3F5ewdHbOIcbLhYJm.jpg,109.012505
frame_008052_jpg.rf.EznYc29aSUpRcGtNUbfu.jpg,109.012505
frame_008053_jpg.rf.O3ILHFnIMD3mT6y9ig9X.jpg,109.012505
frame_008054_jpg.rf.7YXb2bbFaP5uLM48fagz.jpg,109.012505
frame_008055_jpg.rf.4vcSOhDqv1ukQp0ykkbI.jpg,109.012505
frame_008056_jpg.rf.yBpcYdJIhTk8KhXRIb10.jpg,109.012505
frame_008057_jpg.rf.m7AcU1mOJGAHPBGP05hC.jpg,109.012505
frame_008058_jpg.rf.CSc4xxBRP2noFsHPrIed.jpg,109.012505
frame_008059_jpg.rf.oWCtdImT6U1Nt0eNDu85.jpg,114.00751
frame_008060_jpg.rf.PyZze900CQMm96IOBzLD.jpg,114.00751
frame_008061_jpg.rf.nUZp4gKH8nPnvQxfFsi8.jpg,114.00751
frame_008062_jpg.rf.kkuNFu3vdgq2KjNGJrVW.jpg,114.00751
frame_008063_jpg.rf.jf3SNCe9yupn1syzSm9E.jpg,114.00751
frame_008064_jpg.rf.gBxXz19xlC1fzJDKn6iK.jpg,114.00751
frame_008065_jpg.rf.YnNP9q74b2gaSBljMiWA.jpg,114.00751
frame_008066_jpg.rf.RRq8d8HFhNxg6RQowwAy.jpg,114.00751
frame_008067_jpg.rf.KCkU5D2d9XIavquL3paY.jpg,114.00751
frame_008068_jpg.rf.uGGNnJv9pCSn7tguxXbO.jpg,116.9775
frame_008069_jpg.rf.nbvS8929jS9dNdtGWXwo.jpg,116.9775
frame_008070_jpg.rf.dSKoJMUYUQEz23iQfZS7.jpg,116.9775
frame_008071_jpg.rf.MQ1tyzEKAkdwHEl2NJbG.jpg,116.9775
frame_008072_jpg.rf.zC1qsGBtSa0XycepoUj8.jpg,116.9775
frame_008201_jpg.rf.V09wEweoCMaVkI1VDv5o.jpg,76.005005
frame_008202_jpg.rf.vPSsO1BKom90ZMeBWNRl.jpg,76.005005
frame_008203_jpg.rf.O9I7z2ssTLUmqmibbTYP.jpg,76.005005
frame_008204_jpg.rf.5xmnXJ7gicX0rYgRnQf1.jpg,63.99
frame_008205_jpg.rf.Cgi126f34wyKsBMFOiJh.jpg,63.99
frame_008206_jpg.rf.o5WrjIMfmFAloiSadAoy.jpg,63.99
frame_008207_jpg.rf.wlmi0dVVj52PVcrhCyXk.jpg,63.99
frame_008208_jpg.rf.g6FM8SGxjLlrvYeic3j1.jpg,63.99
frame_008209_jpg.rf.ObJbHB52Oy5A9vomGLgc.jpg,63.99
frame_008210_jpg.rf.ytK006XLOw2zLJda9wz8.jpg,63.99
frame_008211_jpg.rf.wcpQpYM02EcbwJWWB7OM.jpg,63.99
frame_008212_jpg.rf.pWEPqIqCLhpry3y1GJNY.jpg,63.99
frame_008213_jpg.rf.vIH3ya77Gw0kS5MMRUFx.jpg,46.980003
frame_008214_jpg.rf.krRkr4Ctgev6VmapvFAy.jpg,46.980003
frame_008215_jpg.rf.QVZqOEnhtO7pUMOTnHe0.jpg,46.980003
frame_008216_jpg.rf.17a7LDStpEWtBg2B8dAL.jpg,46.980003
frame_008217_jpg.rf.HB2kW13rPi4wtdeaHLVF.jpg,46.980003
frame_008218_jpg.rf.7RW66gfmfGJJm3mrgJsa.jpg,46.980003
frame_008219_jpg.rf.BUZwWcYnAZHbNqxmdJ2U.jpg,46.980003
frame_008220_jpg.rf.gJSz8g52UblDxxp5Ly86.jpg,46.980003
frame_008221_jpg.rf.WXfB0lKN1fFxQeNOgy1F.jpg,46.980003
frame_008222_jpg.rf.jguTEPdMijnnI55cndEF.jpg,40.9725
frame_008223_jpg.rf.uVUY0kfNelmpkFyugzyV.jpg,40.9725
frame_008224_jpg.rf.F0QZfBtTO7IkduwlQrgC.jpg,40.9725
frame_008225_jpg.rf.GVdBP1eLpkrNENnF3009.jpg,40.9725
frame_008226_jpg.rf.H8rKG3BLrMV7DCLx0kCM.jpg,40.9725
frame_008227_jpg.rf.FFxAWZ6U64Qn2SRq4Fjm.jpg,40.9725
frame_008228_jpg.rf.rNRlYOzsa3oFQLkauXqY.jpg,40.9725
frame_008229_jpg.rf.ThEkLdzKMa7bKSPrWZdM.jpg,40.9725
frame_008230_jpg.rf.PtIZazZttqIWB2m2uyiY.jpg,40.9725
frame_008231_jpg.rf.RJl6HaFewC6SYj88bD5L.jpg,40.9725
frame_008232_jpg.rf.LWQM2aHewvjlfCErDbeT.jpg,36.99
frame_008233_jpg.rf.8KzQ000sx7CAmvVsu5Vp.jpg,36.99
frame_008234_jpg.rf.2c4hwVanXB4cGKbpnRuP.jpg,36.99
frame_008235_jpg.rf.nNUw4DqXV59m33xGTZYi.jpg,36.99
frame_008236_jpg.rf.r9SBBTsf10mEZAmkuW8g.jpg,36.99
frame_008237_jpg.rf.CZCLMstQC4eeZRUgdqlm.jpg,36.99
frame_008238_jpg.rf.avDCA88dCAVUcrKNzXpg.jpg,36.99
frame_008239_jpg.rf.DwhyN1wJgXmZIlmoKeUi.jpg,36.99
frame_008240_jpg.rf.SAyJD2gAZ78zcUJSb3wq.jpg,36.99
frame_008241_jpg.rf.RdIROSSwzkrSEFMPDtqu.jpg,38.002502
frame_008242_jpg.rf.PWnulDPwQr7l4t2p8lMO.jpg,38.002502
frame_008243_jpg.rf.d7G7T5oepjNeNsb4WiYF.jpg,38.002502
frame_008244_jpg.rf.G0X9bLjYapXzWADcKavE.jpg,38.002502
frame_008245_jpg.rf.ABTSL7av5U0NaZwGUJ8V.jpg,38.002502
frame_008246_jpg.rf.n57SkwBIw5qrwBwQdWeP.jpg,38.002502
frame_008247_jpg.rf.dpLqs63LCRJiB4sWtthd.jpg,38.002502
frame_008248_jpg.rf.dyAHAJdUTXSYBAh6ob3T.jpg,38.002502
frame_008249_jpg.rf.f7BNCSyYQLxjBHe5vzvB.jpg,38.002502
frame_008250_jpg.rf.Cyr33sMe30Y0YrYLaj89.jpg,40.9725
frame_008251_jpg.rf.f5X5fEr1fz1s29DJh3aq.jpg,40.9725
frame_008252_jpg.rf.YGfbLcBujskcMCx9Yo5O.jpg,40.9725
frame_008253_jpg.rf.PXz1zxPPa09lipBEqonK.jpg,40.9725
frame_008254_jpg.rf.Gnf9PdEPTe0EuswRpaq3.jpg,40.9725
frame_008255_jpg.rf.4Fuagkxzy6TGoc5UYtwB.jpg,40.9725
frame_008256_jpg.rf.0Q4XSdw6NhKSwMpRzvvo.jpg,40.9725
frame_008257_jpg.rf.LBT8pefEVR3bbSzIVQzP.jpg,40.9725
frame_008258_jpg.rf.gjHzkLu4yX96EdwaVLQc.jpg,40.9725
frame_008259_jpg.rf.Lhtcqya9U5px00dWYnnC.jpg,44.010002
frame_008260_jpg.rf.VV6ApwZVB837k9tcStZ5.jpg,44.010002
frame_009013_jpg.rf.mmO1877H1Lc5fkyvwi5J.jpg,105.975006
frame_009014_jpg.rf.O24iCeVB2X0GF0DqfmkE.jpg,109.012505
frame_009015_jpg.rf.L2PqXu19sVd1oZlEwQG6.jpg,109.012505
frame_009016_jpg.rf.KXv7XTfin74WDejFICMW.jpg,109.012505
frame_009017_jpg.rf.jf904cQbH3itkWBWgK7Y.jpg,109.012505
frame_009018_jpg.rf.22CAJ7fJvujkaiThkoTy.jpg,109.012505
frame_009019_jpg.rf.huj9o83mMOCcs2c8yQA2.jpg,109.012505
frame_009020_jpg.rf.6vcUFB3kWk9L3rnUwBfn.jpg,109.012505
frame_009021_jpg.rf.Qxz7z3AKVnpBM5OgeNCH.jpg,109.012505
frame_009022_jpg.rf.o8Sp0ZsJpvJDdK8Umjgr.jpg,109.012505
frame_009023_jpg.rf.uT6Hj1jXM0YqXqbUCWtq.jpg,112.995
frame_009024_jpg.rf.8uzolpv9vMu3J64GKQmu.jpg,112.995
frame_009025_jpg.rf.n0RvyBQ0StTq9ZJK4AHh.jpg,112.995
frame_009026_jpg.rf.IY8G5bCIjepp5tRCHEki.jpg,112.995
frame_009027_jpg.rf.7EYrQN9srPvWFYUOvAR8.jpg,112.995
frame_009028_jpg.rf.FV0x8PDKmyNN1XEhJp62.jpg,112.995
frame_009029_jpg.rf.SayRSAI37FLfsw2ziJHJ.jpg,112.995
frame_009030_jpg.rf.u2tQBqQEe7GrJT1fYhMc.jpg,112.995
frame_009031_jpg.rf.ZAvj9sSWutb6InduxqaU.jpg,112.995
frame_009032_jpg.rf.kIq4cMi4hcBiIYuwxGTz.jpg,114.00751
frame_009033_jpg.rf.0IFe5g4tgLXsTlG7L1mD.jpg,114.00751
frame_009034_jpg.rf.lsQIcBYj1BUZWNJPLZkZ.jpg,114.00751
frame_009035_jpg.rf.IHC8eLSZ6LHNFfvBCCu2.jpg,114.00751
frame_009036_jpg.rf.2PRLyrxKGzJ04DyI9srZ.jpg,114.00751
frame_009037_jpg.rf.ZZpXNnY9npY6IQvW5eZP.jpg,114.00751
frame_009038_jpg.rf.WZOQ3573sMYBmsyYlPjS.jpg,114.00751
frame_009039_jpg.rf.HfWQyo3qGbhBodzbzNro.jpg,114.00751
frame_009040_jpg.rf.AeVA54M61Sw1hg9quKnv.jpg,114.00751
frame_009041_jpg.rf.ZjoyRjChHqo9OwBkXoAA.jpg,120.01501
frame_009042_jpg.rf.YVPyPGr2YqwLvtS5CCOD.jpg,120.01501
frame_009043_jpg.rf.jnOXIShEL1T62dATHvL2.jpg,120.01501
frame_009044_jpg.rf.jqAkDQrKxony8QNMb5kZ.jpg,120.01501
frame_009189_jpg.rf.vIdIa4XcmD0C8BfGZNw7.jpg,45.967503
frame_009190_jpg.rf.4X5GMR7nEC19mBHEwgOX.jpg,45.967503
frame_009191_jpg.rf.MxHb18kS3HO3O9nJwa4y.jpg,45.967503
frame_009192_jpg.rf.dBiZUmblWlJeOX4SCeaY.jpg,45.967503
frame_009193_jpg.rf.vt5ZSJjN0Nx9mxtx78cP.jpg,45.967503
frame_009194_jpg.rf.bPu0biWGxDZFAcbFWBKt.jpg,45.967503
frame_009195_jpg.rf.uYKOMQVrtCr8wq5ZcZy4.jpg,45.967503
frame_009196_jpg.rf.Fcp8V1IBiodXoxKz47Xm.jpg,36.99
frame_009197_jpg.rf.NjtryzqaKhlDl0YY8FnZ.jpg,36.99
frame_009198_jpg.rf.u4nu2F8NHqwGw6n5ftfI.jpg,36.99
frame_009199_jpg.rf.gyrypfzneovhBWgbU9Ns.jpg,36.99
frame_009200_jpg.rf.Q1NyoOZSKkygxGdj1n6P.jpg,36.99
frame_009201_jpg.rf.7suWThGx4RcTDb1oDd8O.jpg,36.99
frame_009202_jpg.rf.HoXAtLwG5ldFXBzBtYbX.jpg,36.99
frame_009203_jpg.rf.IxXssCQFCzsMacm5fnOi.jpg,36.99
frame_009204_jpg.rf.cLTNwqCd7b0af7iVPspz.jpg,36.99
frame_009205_jpg.rf.Hpex8FiitmLbsL5xsHDA.jpg,39.015003
frame_009206_jpg.rf.rJ3n1q6H922yqumVVfYz.jpg,39.015003
frame_009207_jpg.rf.2bun9VyVtPx9zoTftbCv.jpg,39.015003
frame_009208_jpg.rf.5lEn7jrMELJ0MPSaMKvk.jpg,39.015003
frame_009209_jpg.rf.8kcWOPe2eXha6Zh8MTCI.jpg,39.015003
frame_009210_jpg.rf.MFYgj0wL0tjIs1Psh29n.jpg,39.015003
frame_009211_jpg.rf.3gEuVZD2ID1qj4oZWnCr.jpg,39.015003
frame_009212_jpg.rf.CdDKEXDT2nn7RlFJ0C2B.jpg,39.015003
frame_009213_jpg.rf.YpN90ZttSRfuGxBeN7oV.jpg,39.015003
frame_009214_jpg.rf.tKAMiiEn9j866J7gMDSD.jpg,41.985
frame_009215_jpg.rf.1ow1sUKSFJ6Fd6frDGAK.jpg,41.985
frame_009216_jpg.rf.XYjRboXAQj9ObKDileHL.jpg,41.985
frame_009217_jpg.rf.9MwOSBpcPmfwCRlQjvAG.jpg,41.985
frame_009218_jpg.rf.TCl8Qs0DNrfVrajgs6mF.jpg,41.985
frame_009219_jpg.rf.SxxXFiqYS4PtfdBXgoz9.jpg,41.985
frame_009220_jpg.rf.SR1eYqmmRlCGPqDUGssn.jpg,41.985
frame_010165_jpg.rf.zJIs3DutA2xa8bGILNhf.jpg,36.99
frame_010166_jpg.rf.O0qAZpnUy1ychkzpCVoY.jpg,36.99
frame_010167_jpg.rf.C3w4vOi0sa2F2YUwSRNP.jpg,36.99
frame_010168_jpg.rf.KZAWTftifojXsHgeEsRh.jpg,36.99
frame_010169_jpg.rf.8YNjnqJ5SfeZsLUbh7fS.jpg,39.015003
frame_010170_jpg.rf.nELtg47ufQASgwTqfTiE.jpg,39.015003
frame_010171_jpg.rf.aQLovMAy86Pe4rQruUKA.jpg,39.015003
frame_010172_jpg.rf.aEU4Y0r3SkO6uHYXnUoS.jpg,39.015003
frame_010173_jpg.rf.LBr1V9SP1jlggHoJa2EK.jpg,39.015003
frame_010174_jpg.rf.SVCGPMrGitGrTjFnbFhH.jpg,39.015003
frame_010175_jpg.rf.MtJ6UCxI9uzwv84vVyaS.jpg,39.015003
frame_010176_jpg.rf.bLsLDn65MFYb2CqpPYZd.jpg,39.015003
frame_010177_jpg.rf.UyQi3VFcabgCccbAdXD5.jpg,39.015003
frame_010178_jpg.rf.UVg0yPFzxSo9yv3TwziQ.jpg,41.985
frame_010179_jpg.rf.636G8d4wrjDBpfwueakY.jpg,41.985
frame_010180_jpg.rf.8pQ2AIBJSAwsFekBSEDt.jpg,41.985
frame_012877_jpg.rf.1vafnyvjO0C0XaOfyHyY.jpg,108.00001
frame_012878_jpg.rf.UpYRBWwzxwgyhGaIDSKG.jpg,108.00001
frame_012879_jpg.rf.sAqXzWkbKaSnLvqJoPJU.jpg,108.00001
frame_012880_jpg.rf.TxTqFvNlNsEIxsgH2eOf.jpg,110.97
frame_012881_jpg.rf.k2Msk4WgWjEWshAHgj6d.jpg,110.97
frame_012882_jpg.rf.qSJUEhaJsqSRcsJ0Q8et.jpg,110.97
frame_012883_jpg.rf.7OzY6S7xgd4xWrUKrsM6.jpg,110.97
frame_012884_jpg.rf.hb6fkREMOrLO9ZfclOjV.jpg,110.97
frame_012885_jpg.rf.VuJhlxBa2ZGCKeHciJuL.jpg,110.97
frame_012886_jpg.rf.k7ojmlmEpAcTwAkCkMLC.jpg,110.97
frame_012887_jpg.rf.AInBu8Mj2d5Q9fNvG0bj.jpg,110.97
frame_012888_jpg.rf.ZYYgqO54jlbioGbjaDwr.jpg,110.97
frame_012889_jpg.rf.LQQ8Inia2SWpBnwoYRXM.jpg,116.0325
frame_012890_jpg.rf.euSMrvTHMkFLGkVlvHEV.jpg,116.0325
frame_012891_jpg.rf.eqlOxtrZ1BGgfx7qpp5I.jpg,116.0325
frame_012892_jpg.rf.2QhTtIep2GdaCG1MsqW9.jpg,116.0325
frame_012893_jpg.rf.DFzi9lycVD00nJMFcxPG.jpg,116.0325
frame_012894_jpg.rf.Jbvi2uZ5fzHRGUMoAwo9.jpg,116.0325
frame_012895_jpg.rf.JSHC5XUVKAAkvdiM3EpU.jpg,116.0325
frame_012896_jpg.rf.Rhx4JNTTuKcC0AK67Grf.jpg,116.0325
frame_012897_jpg.rf.3tHZlkm7x0QHbtZJ1DyI.jpg,116.0325
frame_012898_jpg.rf.skC3mFtV4iahYKvn2vXQ.jpg,116.0325
frame_012899_jpg.rf.FlvJ2yA3uXRx8F8xU0R5.jpg,116.0325
frame_012900_jpg.rf.SsZa0wkuLJAIJrKTOCcO.jpg,116.0325
frame_012901_jpg.rf.2r5qtD2GioGdTEUJrgcU.jpg,116.0325
frame_012902_jpg.rf.lMkUQPJAh2UE5VYJhHaJ.jpg,116.0325
frame_012903_jpg.rf.ktEYsGCpMJtaGzsHKP7p.jpg,116.0325
frame_012904_jpg.rf.NNwsXZgXRCTuJSVSpty7.jpg,116.0325
frame_012905_jpg.rf.by8cqp62bqP62OJ5yWp0.jpg,116.0325
frame_012906_jpg.rf.lTHUbEHo33xcXeCaKybC.jpg,116.0325
frame_012907_jpg.rf.LRFVIVlCwcA3oFaAfNBO.jpg,119.0025
frame_012908_jpg.rf.D5DSRWLvhUXpSJJNXmtM.jpg,119.0025
frame_013845_jpg.rf.5uVGsi2ygelJGS3D5WZF.jpg,110.025
frame_013846_jpg.rf.aJOk216ZuFtd4kvQ8Tsd.jpg,110.025
frame_013847_jpg.rf.GdGYcAICSEoPY8P6r4xX.jpg,110.025
frame_013848_jpg.rf.64ziuu28E0ipNoHGAi0J.jpg,110.025
frame_013849_jpg.rf.Q7dp8GkOUj6A0TWtAqeW.jpg,110.025
frame_013850_jpg.rf.0x7BwyKBU0fqNhbqutxF.jpg,110.025
frame_013851_jpg.rf.J3lErUuazD5Soj2GUjTD.jpg,110.025
frame_013852_jpg.rf.d2GjASHp20TvnUZzEnvX.jpg,110.025
frame_013853_jpg.rf.qoH8T0oNPnLB8butKFkB.jpg,110.97
frame_013854_jpg.rf.Trtq3n6l7iwgT55XGHII.jpg,110.97
frame_013855_jpg.rf.vfKmPwSzrhwxiQryPM7P.jpg,110.97
frame_013856_jpg.rf.YPKyKRtQK9a9kk4azrrQ.jpg,110.97
frame_013857_jpg.rf.vccY17VTa9dIqJIKO57N.jpg,110.97
frame_013858_jpg.rf.s0bYFZeJ8nNaJYizU0sz.jpg,110.97
frame_013859_jpg.rf.URia2bYaG2gEQWZcznaE.jpg,110.97
frame_013860_jpg.rf.1VDN8IJvANRy53fvIZX5.jpg,110.97
frame_013861_jpg.rf.Ub4LrGRNT5rBGlZ2dln3.jpg,110.97
frame_013862_jpg.rf.XXYrOg1GKCW7jQzYkt4k.jpg,116.9775
frame_013863_jpg.rf.j8TqUwHRCFRgdGqrYBBO.jpg,116.9775
frame_013864_jpg.rf.XA6B2ADXa6mY53JAAFCI.jpg,116.9775
frame_013865_jpg.rf.HthCJ1dE83gsPKYS1D0b.jpg,116.9775
frame_013866_jpg.rf.WEAyNcxciAPclF151bjR.jpg,116.9775
frame_013867_jpg.rf.MW2Wp4vtWhJBavxmJZwS.jpg,116.9775
frame_013868_jpg.rf.r3pfIDj9nNPUHoqLbruD.jpg,116.9775
frame_013869_jpg.rf.9NVpZid6il7gzJYEZA00.jpg,116.9775
frame_013870_jpg.rf.gRTw0HvEY8YUCOHcTWUL.jpg,116.9775
frame_013871_jpg.rf.jxWFCDt53yoVWdywZBmO.jpg,119.0025
frame_013872_jpg.rf.Zf4EIaCrTwCnPlmOvQ7F.jpg,119.0025
frame_013873_jpg.rf.WJRCLZmiVLPGhyDauoHI.jpg,119.0025
frame_013874_jpg.rf.ppC6pJ49r94eekY0wmAz.jpg,119.0025
frame_013875_jpg.rf.jqADlO38wLf2iFoxAaFm.jpg,119.0025
frame_013876_jpg.rf.U1GoRGAtaFFXqfWtACAr.jpg,119.0025
frame_013877_jpg.rf.zK79bJwUnSiNXJIu6RZq.jpg,119.0025
frame_013878_jpg.rf.JEm5BD2nw6rQYuKLsJDq.jpg,119.0025
frame_013879_jpg.rf.oJFXg4mLjTnn9mjxCDMZ.jpg,119.0025
frame_013880_jpg.rf.V9cwTK55RyOpAFCOhliR.jpg,122.98501
frame_014809_jpg.rf.PEyrQ3lUCEqbJMNE1Bpf.jpg,110.025
frame_014810_jpg.rf.XIPWof5QqWpJFbIpLU94.jpg,110.025
frame_014811_jpg.rf.F2mR1J7tzOWnJK9avBcT.jpg,110.025
frame_014812_jpg.rf.o9mYr3nYckOMiPb97a3T.jpg,110.025
frame_014813_jpg.rf.tLWoyueC3G7esM7rfDVX.jpg,110.025
frame_014814_jpg.rf.ClB8eUrqOISY8Rml0THT.jpg,110.025
frame_014815_jpg.rf.ngAiQ5JY99UenHHRC9Tb.jpg,110.025
frame_014816_jpg.rf.swwoptGm5OA2PU2Dtwfz.jpg,110.025
frame_014817_jpg.rf.tbp5KIhygiMDwBaRLQW7.jpg,114.00751
frame_014818_jpg.rf.1aeADXAt5VTLCPnEZ3vx.jpg,114.00751
frame_014819_jpg.rf.V3wPWP3hsrnL0sJ48yVQ.jpg,114.00751
frame_014820_jpg.rf.MgcGJI8TfwKOxZomppcK.jpg,114.00751
frame_014821_jpg.rf.jWQNhHHnIGuZ3dywB9Vh.jpg,114.00751
frame_014822_jpg.rf.n91zBQ5b6aDXEWSWvTdE.jpg,114.00751
frame_014823_jpg.rf.dKjwv8uu4QLtNbCoX2iu.jpg,114.00751
frame_014824_jpg.rf.osdvZL8OdHkGut4BtaHW.jpg,114.00751
frame_014825_jpg.rf.trKTrwNDORge1jpOmQyC.jpg,114.00751
frame_014826_jpg.rf.3e8XzuerjfS2a358pd9B.jpg,117.990005
frame_014827_jpg.rf.1D3y7vxbgtNGueJP1rjr.jpg,117.990005
frame_014828_jpg.rf.N5PSUtiEIucLi9rwFqh4.jpg,117.990005
frame_014829_jpg.rf.AJ3fcFSUqb943TTjQag6.jpg,117.990005
frame_018677_jpg.rf.amr3i8VuKEjeQQ2Y75kL.jpg,109.012505
frame_019453_jpg.rf.TO0qLRh6YsGxUHqCEdLL.jpg,83.97
frame_019454_jpg.rf.3Q7peZHIjmoLVaQGJGBq.jpg,83.97
frame_019455_jpg.rf.IiqyaKlqetNZ30Q9l4gc.jpg,83.97
frame_019457_jpg.rf.9CJltPgSmGoCI9ckDxzk.jpg,94.9725
frame_019458_jpg.rf.lz26OavMcq9tAzxrIyZK.jpg,94.9725
frame_019459_jpg.rf.SYc7L6XpDL4Zl3aONVgG.jpg,94.9725
frame_019461_jpg.rf.CKPw7NJZTqx2s44WGcFy.jpg,94.9725
frame_019462_jpg.rf.WcvhLlDLpwks3FeKEAoA.jpg,94.9725
frame_019463_jpg.rf.B5nr3aZGXqfvw8dTp8AB.jpg,94.9725
frame_019465_jpg.rf.ZrRZc8scYXuAwIMxxSCW.jpg,99.96751
frame_019466_jpg.rf.670v4D4xdMC9BTiRu6d5.jpg,99.96751
